MeasurementID,AcresBurned,LocationID,Latitude,Longitude,Month,Year,Location
1969-12-CA-041-45,45,CA-041,38.07135,-122.76751,12,1969,Marin
1969-12-CA-047-12,12,CA-047,37.21812,-121.07761,12,1969,Merced
2013-10-CA-007-305,305,CA-007,39.439,-121.497,10,2013,Butte
2013-10-CA-055-376,376,CA-055,38.628,-122.289,10,2013,Napa
2013-10-CA-059-40,40,CA-059,33.7655,-117.6649,10,2013,Orange
2013-10-CA-073-2236,2236,CA-073,33.341,-117.3092,10,2013,San Diego
2013-10-CA-097-159,159,CA-097,38.34599,-122.6503,10,2013,Sonoma
2013-11-CA-033-120,120,CA-033,38.882214,-122.567525,11,2013,Lake
2013-11-CA-033-23,23,CA-033,38.9289,-122.5818,11,2013,Lake
2013-11-CA-033-50,50,CA-033,39.0448,-122.7656,11,2013,Lake
2013-11-CA-045-82,82,CA-045,39.0442,-123.1478,11,2013,Mendocino
2013-11-CA-055-190,190,CA-055,38.382,-122.311,11,2013,Napa
2013-11-CA-079-51,51,CA-079,35.457978,-120.751555,11,2013,San Luis Obispo
2013-11-CA-089-33,33,CA-089,40.483662,-122.140914,11,2013,Shasta
2013-11-CA-097-3505,3505,CA-097,38.8167,-122.8498,11,2013,Sonoma
2013-11-CA-111-64,64,CA-111,34.384,-119.13249,11,2013,Ventura
2013-11-CA-113-163,163,CA-113,38.67479,-122.08725,11,2013,Yolo
2013-12-CA-085-40,40,CA-085,37.342186,-121.717706,12,2013,Santa Clara
2013-2-CA-027-406,406,CA-027,36.602575,-118.01651,2,2013,Inyo
2013-4-CA-039-274,274,CA-039,37.116295,-119.635004,4,2013,Madera
2013-4-CA-055-75,75,CA-055,38.441792,-122.350844,4,2013,Napa
2013-4-CA-071-30,30,CA-071,34.288877,-116.941311,4,2013,San Bernardino
2013-5-CA-021-217,217,CA-021,39.514139,-122.560862,5,2013,Glenn
2013-5-CA-029-4346,4346,CA-029,34.7861,-118.9411,5,2013,Kern
2013-5-CA-037-149,149,CA-037,34.419284,-118.58688,5,2013,Los Angeles
2013-5-CA-037-30274,30274,CA-037,34.585595,-118.423176,5,2013,Los Angeles
2013-5-CA-037-712,712,CA-037,34.49149,-118.610044,5,2013,Los Angeles
2013-5-CA-039-91,91,CA-039,37.1927,-119.7917,5,2013,Madera
2013-5-CA-065-124,124,CA-065,33.963591,-117.187934,5,2013,Riverside
2013-5-CA-065-25,25,CA-065,33.96201,-116.907213,5,2013,Riverside
2013-5-CA-065-3166,3166,CA-065,34.288877,-116.941311,5,2013,Riverside
2013-5-CA-065-40,40,CA-065,33.655638,-116.161201,5,2013,Riverside
2013-5-CA-065-510,510,CA-065,33.894055,-116.855019,5,2013,Riverside
2013-5-CA-065-90,90,CA-065,33.9582,-116.6534,5,2013,Riverside
2013-5-CA-069-354,354,CA-069,37.160346,-120.937494,5,2013,San Benito
2013-5-CA-071-75,75,CA-071,34.1834,-117.4408,5,2013,San Bernardino
2013-5-CA-073-100,100,CA-073,32.564465,-116.900368,5,2013,San Diego
2013-5-CA-073-1271,1271,CA-073,33.04458,-116.5209,5,2013,San Diego
2013-5-CA-073-2781,2781,CA-073,33.12111,-116.52579,5,2013,San Diego
2013-5-CA-077-303,303,CA-077,38.04993,-120.90325,5,2013,San Joaquin
2013-5-CA-079-35,35,CA-079,35.49864,-120.91375,5,2013,San Luis Obispo
2013-5-CA-079-50,50,CA-079,35.5123,-120.6368,5,2013,San Luis Obispo
2013-5-CA-083-170,170,CA-083,34.611824,-120.074655,5,2013,Santa Barbara
2013-5-CA-083-1984,1984,CA-083,34.55048,-119.82429,5,2013,Santa Barbara
2013-5-CA-097-125,125,CA-097,38.638828,-122.655616,5,2013,Sonoma
2013-5-CA-103-6965,6965,CA-103,40.190062,-121.595555,5,2013,Tehama
2013-5-CA-111-4346,4346,CA-111,34.7861,-118.9411,5,2013,Ventura
2013-6-CA-001-240,240,CA-001,37.775057,-121.737213,6,2013,Alameda
2013-6-CA-005-96,96,CA-005,38.27783,-120.966016,6,2013,Amador
2013-6-CA-007-298,298,CA-007,39.434183,-121.576804,6,2013,Butte
2013-6-CA-011-28,28,CA-011,38.4229,-122.0437,6,2013,Colusa
2013-6-CA-019-108,108,CA-019,36.772425,-119.628389,6,2013,Fresno
2013-6-CA-019-150,150,CA-019,36.7218,-119.2248,6,2013,Fresno
2013-6-CA-019-35,35,CA-019,36.763367,-119.558244,6,2013,Fresno
2013-6-CA-019-46,46,CA-019,37.03087,-119.463757,6,2013,Fresno
2013-6-CA-033-25,25,CA-033,38.98058,-122.81796,6,2013,Lake
2013-6-CA-033-28,28,CA-033,38.4229,-122.0437,6,2013,Lake
2013-6-CA-033-30,30,CA-033,38.99233,-122.703193,6,2013,Lake
2013-6-CA-039-482,482,CA-039,37.015575,-119.78106,6,2013,Madera
2013-6-CA-039-75,75,CA-039,37.169379,-119.75636,6,2013,Madera
2013-6-CA-043-1708,1708,CA-043,37.58202,-119.91071,6,2013,Mariposa
2013-6-CA-047-124,124,CA-047,37.03776,-121.006939,6,2013,Merced
2013-6-CA-053-105,105,CA-053,36.1531,-120.8973,6,2013,Monterey
2013-6-CA-061-237,237,CA-061,38.729297,-121.380862,6,2013,Placer
2013-6-CA-065-0,0,CA-065,33.99647,-116.84137,6,2013,Riverside
2013-6-CA-065-40,40,CA-065,34.001745,-117.302057,6,2013,Riverside
2013-6-CA-065-42,42,CA-065,33.96936,-117.1265,6,2013,Riverside
2013-6-CA-071-534,534,CA-071,34.071556,-117.048397,6,2013,San Bernardino
2013-6-CA-079-500,500,CA-079,35.15832,-120.05131,6,2013,San Luis Obispo
2013-6-CA-095-124,124,CA-095,38.08744,-122.13802,6,2013,Solano
2013-6-CA-095-28,28,CA-095,38.4229,-122.0437,6,2013,Solano
2013-6-CA-097-28,28,CA-097,38.4229,-122.0437,6,2013,Sonoma
2013-6-CA-109-100,100,CA-109,37.91529,-120.33313,6,2013,Tuolumne
2013-7-CA-001-38,38,CA-001,37.74241,-121.86216,7,2013,Alameda
2013-7-CA-001-50,50,CA-001,37.7393,-121.5869,7,2013,Alameda
2013-7-CA-009-31,31,CA-009,37.965364,-120.696362,7,2013,Calaveras
2013-7-CA-013-274,274,CA-013,39.90465,-121.74367,7,2013,Contra Costa
2013-7-CA-013-492,492,CA-013,37.96866,-121.91453,7,2013,Contra Costa
2013-7-CA-017-163,163,CA-017,38.63987,-121.08438,7,2013,El Dorado
2013-7-CA-017-572,572,CA-017,38.774,-120.298,7,2013,El Dorado
2013-7-CA-019-22992,22992,CA-019,37.279,-119.318,7,2013,Fresno
2013-7-CA-029-612,612,CA-029,34.90327,-118.93388,7,2013,Kern
2013-7-CA-029-712,712,CA-029,34.882,-118.9194,7,2013,Kern
2013-7-CA-045-45,45,CA-045,38.980846,-123.067671,7,2013,Mendocino
2013-7-CA-049-502,502,CA-049,41.2415,-121.035,7,2013,Modoc
2013-7-CA-065-15,15,CA-065,33.94528,-117.09306,7,2013,Riverside
2013-7-CA-065-150,150,CA-065,33.990128,-117.164997,7,2013,Riverside
2013-7-CA-065-27531,27531,CA-065,33.7095,-116.72885,7,2013,Riverside
2013-7-CA-065-40,40,CA-065,33.9634,-117.2508,7,2013,Riverside
2013-7-CA-067-163,163,CA-067,38.63987,-121.08438,7,2013,Sacramento
2013-7-CA-071-75,75,CA-071,34.316,-117.352,7,2013,San Bernardino
2013-7-CA-073-25,25,CA-073,32.612773,-116.707335,7,2013,San Diego
2013-7-CA-073-7055,7055,CA-073,32.95435,-116.47381,7,2013,San Diego
2013-7-CA-079-85,85,CA-079,35.62743,-120.83417,7,2013,San Luis Obispo
2013-7-CA-085-50,50,CA-085,37.1438,-121.7804,7,2013,Santa Clara
2013-7-CA-089-43,43,CA-089,40.373,-122.7338,7,2013,Shasta
2013-7-CA-093-14754,14754,CA-093,41.32,-123.176,7,2013,Siskiyou
2013-7-CA-097-158,158,CA-097,38.17693,-122.51253,7,2013,Sonoma
2013-7-CA-099-150,150,CA-099,37.436,-121.1955,7,2013,Stanislaus
2013-7-CA-103-195,195,CA-103,39.961309,-122.330879,7,2013,Tehama
2013-7-CA-103-200,200,CA-103,40.012398,-122.079871,7,2013,Tehama
2013-7-CA-115-73,73,CA-115,39.206,-121.31634,7,2013,Yuba
2013-8-CA-007-2462,2462,CA-007,39.446268,-121.38236,8,2013,Butte
2013-8-CA-007-80,80,CA-007,39.731878,-121.713938,8,2013,Butte
2013-8-CA-007-92,92,CA-007,39.6612,-121.50354,8,2013,Butte
2013-8-CA-009-46,46,CA-009,38.06231,-120.45233,8,2013,Calaveras
2013-8-CA-017-116,116,CA-017,38.682378,-120.839075,8,2013,El Dorado
2013-8-CA-017-38,38,CA-017,38.89555,-120.84716,8,2013,El Dorado
2013-8-CA-023-0,0,CA-023,41.333,-123.376,8,2013,Humboldt
2013-8-CA-023-12503,12503,CA-023,41.035,-123.488,8,2013,Humboldt
2013-8-CA-029-794,794,CA-029,35.707,-118.588,8,2013,Kern
2013-8-CA-033-38,38,CA-033,39.1591,-122.5906,8,2013,Lake
2013-8-CA-033-70,70,CA-033,39.013682,-122.491894,8,2013,Lake
2013-8-CA-035-97,97,CA-035,40.88886,-120.958126,8,2013,Lassen
2013-8-CA-057-52,52,CA-057,39.333401,-121.107022,8,2013,Nevada
2013-8-CA-061-27440,27440,CA-061,39.12,-120.65,8,2013,Placer
2013-8-CA-063-513,513,CA-063,40.00842,-120.764666,8,2013,Plumas
2013-8-CA-065-1383,1383,CA-065,33.62236,-117.40288,8,2013,Riverside
2013-8-CA-065-20292,20292,CA-065,33.86157,-116.90427,8,2013,Riverside
2013-8-CA-065-40,40,CA-065,33.570291,-116.10815,8,2013,Riverside
2013-8-CA-065-60,60,CA-065,33.91027,-116.99895,8,2013,Riverside
2013-8-CA-071-110,110,CA-071,34.287,-117.451,8,2013,San Bernardino
2013-8-CA-071-243,243,CA-071,34.35,-117.62,8,2013,San Bernardino
2013-8-CA-071-413,413,CA-071,34.302,-117.598,8,2013,San Bernardino
2013-8-CA-071-97,97,CA-071,33.642,-116.706,8,2013,San Bernardino
2013-8-CA-089-196,196,CA-089,40.5445,-121.3754,8,2013,Shasta
2013-8-CA-089-27,27,CA-089,40.473356,-122.48259,8,2013,Shasta
2013-8-CA-093-50,50,CA-093,41.923323,-122.578393,8,2013,Siskiyou
2013-8-CA-103-11429,11429,CA-103,40.04263,-121.85397,8,2013,Tehama
2013-8-CA-107-2060,2060,CA-107,36.208,-118.444,8,2013,Tulare
2013-8-CA-109-1070,1070,CA-109,38.25108,-120.02778,8,2013,Tuolumne
2013-8-CA-109-257314,257314,CA-109,37.857,-120.086,8,2013,Tuolumne
2013-9-CA-013-3111,3111,CA-013,37.90757,-121.882582,9,2013,Contra Costa
2013-9-CA-033-30,30,CA-033,38.9777,-122.683,9,2013,Lake
2013-9-CA-037-268,268,CA-037,34.149,-117.908,9,2013,Los Angeles
2013-9-CA-045-98,98,CA-045,38.9252,-122.966,9,2013,Mendocino
2013-9-CA-049-68,68,CA-049,41.569,-120.959,9,2013,Modoc
2013-9-CA-049-97,97,CA-049,41.73325,-120.375,9,2013,Modoc
2013-9-CA-071-200,200,CA-071,34.2,-117.417,9,2013,San Bernardino
2013-9-CA-071-73,73,CA-071,34.003151,-117.106075,9,2013,San Bernardino
2013-9-CA-073-263,263,CA-073,32.710918,-116.746023,9,2013,San Diego
2013-9-CA-079-94,94,CA-079,35.4393,-120.8358,9,2013,San Luis Obispo
2013-9-CA-081-41,41,CA-081,37.667295,-122.427285,9,2013,San Mateo
2013-9-CA-089-8073,8073,CA-089,40.498332,-122.535496,9,2013,Shasta
2013-9-CA-107-134,134,CA-107,36.258,-118.459,9,2013,Tulare
2014-10-CA-043-311,311,CA-043,37,40.34,10,2014,Mariposa
2014-10-CA-071-48,48,CA-071,33.93869,-117.70643,10,2014,San Bernardino
2014-1-CA-019-106,106,CA-019,36.8266,-119.3415,1,2014,Fresno
2014-1-CA-023-333,333,CA-023,40.884415,-123.773779,1,2014,Humboldt
2014-1-CA-037-1952,1952,CA-037,34.1703,-117.8816,1,2014,Los Angeles
2014-1-CA-103-865,865,CA-103,40.134597,-121.790183,1,2014,Tehama
2014-3-CA-053-400,400,CA-053,36.6313,-121.4819,3,2014,Monterey
2014-3-CA-065-57,57,CA-065,33.5982,-116.1985,3,2014,Riverside
2014-3-CA-073-125,125,CA-073,32.81,-116.49,3,2014,San Diego
2014-4-CA-027-113,113,CA-027,37.399,-118.352,4,2014,Inyo
2014-4-CA-053-75,75,CA-053,36.103,-121.117,4,2014,Monterey
2014-4-CA-071-2143,2143,CA-071,34.169346,-117.547374,4,2014,San Bernardino
2014-5-CA-033-175,175,CA-033,39.1647,-122.5983,5,2014,Lake
2014-5-CA-073-1457,1457,CA-073,33.417572,-117.550567,5,2014,San Diego
2014-5-CA-073-1548,1548,CA-073,33.003,-117.133,5,2014,San Diego
2014-5-CA-073-1995,1995,CA-073,33.1137,-117.1599,5,2014,San Diego
2014-5-CA-073-29,29,CA-073,32.665,-116.222,5,2014,San Diego
2014-5-CA-073-380,380,CA-073,33.312,-117.162,5,2014,San Diego
2014-5-CA-073-5367,5367,CA-073,33.3529,-117.284889,5,2014,San Diego
2014-5-CA-073-600,600,CA-073,33.1109,-117.279,5,2014,San Diego
2014-5-CA-083-632,632,CA-083,34.609,-120.454,5,2014,Santa Barbara
2014-5-CA-089-50,50,CA-089,40.39,-122.721,5,2014,Shasta
2014-6-CA-009-120,120,CA-009,120.679019,38.178241,6,2014,Calaveras
2014-6-CA-009-85,85,CA-009,38.058,-120.66,6,2014,Calaveras
2014-6-CA-019-25,25,CA-019,36.742747,-119.241493,6,2014,Fresno
2014-6-CA-019-40,40,CA-019,36.991825,-119.525506,6,2014,Fresno
2014-6-CA-029-3895,3895,CA-029,35.70683,-118.555527,6,2014,Kern
2014-6-CA-043-130,130,CA-043,37.7103,-120.197,6,2014,Mariposa
2014-6-CA-095-70,70,CA-095,121.999,38.453,6,2014,Solano
2014-6-CA-103-225,225,CA-103,40.009827,-122.345078,6,2014,Tehama
2014-6-CA-109-269,269,CA-109,37.787,-120.452,6,2014,Tuolumne
2014-6-CA-109-487,487,CA-109,37.76617,-120.45087,6,2014,Tuolumne
2014-7-CA-005-4240,4240,CA-005,38.5691,-120.7819,7,2014,Amador
2014-7-CA-007-72,72,CA-007,39.4664,-121.6129,7,2014,Butte
2014-7-CA-013-80,80,CA-013,37.5359,-121.5118,7,2014,Contra Costa
2014-7-CA-017-30,30,CA-017,38.608336,-120.703238,7,2014,El Dorado
2014-7-CA-017-4240,4240,CA-017,38.5691,-120.7819,7,2014,El Dorado
2014-7-CA-029-1680,1680,CA-029,35.642,-118.15,7,2014,Kern
2014-7-CA-033-4300,4300,CA-033,38.664,-122.454,7,2014,Lake
2014-7-CA-049-13153,13153,CA-049,41.1336,-121.2144,7,2014,Modoc
2014-7-CA-049-1469,1469,CA-049,41.489,-120.904,7,2014,Modoc
2014-7-CA-049-1651,1651,CA-049,41.89,-120.79,7,2014,Modoc
2014-7-CA-055-4300,4300,CA-055,38.664,-122.454,7,2014,Napa
2014-7-CA-057-38,38,CA-057,39.1871,-121.2687,7,2014,Nevada
2014-7-CA-073-217,217,CA-073,33.078948,-116.576454,7,2014,San Diego
2014-7-CA-079-47,47,CA-079,35.8218,-121.0226,7,2014,San Luis Obispo
2014-7-CA-089-12661,12661,CA-089,40.4314,-122.750788,7,2014,Shasta
2014-7-CA-089-143,143,CA-089,40.6569,-122.2215,7,2014,Shasta
2014-7-CA-089-32416,32416,CA-089,40.72,-121.562,7,2014,Shasta
2014-7-CA-089-39736,39736,CA-089,40.901,-121.368,7,2014,Shasta
2014-7-CA-089-6258,6258,CA-089,41.141,-122.805,7,2014,Shasta
2014-7-CA-089-75,75,CA-089,40.5719,-121.3415,7,2014,Shasta
2014-7-CA-093-35302,35302,CA-093,42.048,-122.345,7,2014,Siskiyou
2014-7-CA-093-5503,5503,CA-093,41.682,-122.127,7,2014,Siskiyou
2014-7-CA-105-15,15,CA-105,40.41,-123.24,7,2014,Trinity
2014-7-CA-113-6488,6488,CA-113,38.512,-122.104,7,2014,Yolo
2014-8-CA-029-4045,4045,CA-029,35.7206,-118.4747,8,2014,Kern
2014-8-CA-037-190,190,CA-037,34.235,-117.771,8,2014,Los Angeles
2014-8-CA-037-274,274,CA-037,34.267,-117.867,8,2014,Los Angeles
2014-8-CA-039-10,10,CA-039,37,18.4,8,2014,Madera
2014-8-CA-039-612,612,CA-039,37.3433,-119.6581,8,2014,Madera
2014-8-CA-049-101,101,CA-049,41.507,-121.266,8,2014,Modoc
2014-8-CA-057-84,84,CA-057,39.3918,-120.0805,8,2014,Nevada
2014-8-CA-073-20,20,CA-073,32.59154,-116.89516,8,2014,San Diego
2014-8-CA-089-25,25,CA-089,40,29.24,8,2014,Shasta
2014-8-CA-093-0,0,CA-093,41.796,-123.374,8,2014,Siskiyou
2014-8-CA-105-580,580,CA-105,40.7412,-122.946,8,2014,Trinity
2014-9-CA-017-20,20,CA-017,38.9195001,-120.1140659,9,2014,El Dorado
2014-9-CA-017-94,94,CA-017,38.59,-120.028,9,2014,El Dorado
2014-9-CA-017-97717,97717,CA-017,38.805437,-120.629714,9,2014,El Dorado
2014-9-CA-023-210,210,CA-023,41.134,-123.753,9,2014,Humboldt
2014-9-CA-039-320,320,CA-039,37.311915,-119.604124,9,2014,Madera
2014-9-CA-055-27,27,CA-055,38.695961,-122.384054,9,2014,Napa
2014-9-CA-057-247,247,CA-057,39.113682,-120.999508,9,2014,Nevada
2014-9-CA-059-968,968,CA-059,33.748,-117.601,9,2014,Orange
2014-9-CA-089-1375,1375,CA-089,40.7101,-122.171,9,2014,Shasta
2014-9-CA-093-516,516,CA-093,41.42384,-122.37432,9,2014,Siskiyou
2014-9-CA-109-70,70,CA-109,37.8316,-120.3434,9,2014,Tuolumne
2015-10-CA-007-104,104,CA-007,39.8707,-121.8938,10,2015,Butte
2015-10-CA-069-670,670,CA-069,36.70854,-121.32734,10,2015,San Benito
2015-10-CA-083-21,21,CA-083,34.4828,-119.63216,10,2015,Santa Barbara
2015-11-CA-111-50,50,CA-111,34.15,-118.879444,11,2015,Ventura
2015-2-CA-093-200,200,CA-093,41.485,-121.851,2,2015,Siskiyou
2015-4-CA-063-137,137,CA-063,40.05083333,-120.7016667,4,2015,Plumas
2015-4-CA-065-1049,1049,CA-065,33.884313,-117.642759,4,2015,Riverside
2015-5-CA-047-275,275,CA-047,37.08312,-121.06963,5,2015,Merced
2015-6-CA-003-0,0,CA-003,38.598056,-119.751944,6,2015,Alpine
2015-6-CA-005-60,60,CA-005,38.260777,-121.135426,6,2015,Amador
2015-6-CA-023-20,20,CA-023,41.1513,-123.8292,6,2015,Humboldt
2015-6-CA-029-67,67,CA-029,35.77937,-120.19482,6,2015,Kern
2015-6-CA-035-60,60,CA-035,40.875667,-121.033667,6,2015,Lassen
2015-6-CA-037-415,415,CA-037,34.361007,-118.535793,6,2015,Los Angeles
2015-6-CA-039-135,135,CA-039,37.072561,-119.6958,6,2015,Madera
2015-6-CA-039-920,920,CA-039,37.165767,-119.523943,6,2015,Madera
2015-6-CA-045-35,35,CA-045,39.7806004,-123.248214,6,2015,Mendocino
2015-6-CA-055-19,19,CA-055,38.519132,-122.181878,6,2015,Napa
2015-6-CA-055-38,38,CA-055,38.5287,-122.3415,6,2015,Napa
2015-6-CA-071-100,100,CA-071,34.165974,-117.243878,6,2015,San Bernardino
2015-6-CA-071-31359,31359,CA-071,34.16027778,-116.8927778,6,2015,San Bernardino
2015-6-CA-073-171,171,CA-073,32.9421,-116.8534,6,2015,San Diego
2015-6-CA-073-80,80,CA-073,32.6449163,-116.9454387,6,2015,San Diego
2015-6-CA-103-55,55,CA-103,40.0133,-122.552,6,2015,Tehama
2015-6-CA-105-1542,1542,CA-105,40.924,-123.168,6,2015,Trinity
2015-6-CA-115-158,158,CA-115,39.2688,-121.26471,6,2015,Yuba
2015-7-CA-007-400,400,CA-007,39.43963,-121.38794,7,2015,Butte
2015-7-CA-013-195,195,CA-013,37.81629,-121.68113,7,2015,Contra Costa
2015-7-CA-017-75,75,CA-017,38.776,-120.404,7,2015,El Dorado
2015-7-CA-019-151623,151623,CA-019,36.874,-118.905,7,2015,Fresno
2015-7-CA-023-158,158,CA-023,41.295667,-123.784067,7,2015,Humboldt
2015-7-CA-023-16,16,CA-023,40.1093,-123.774,7,2015,Humboldt
2015-7-CA-033-69438,69438,CA-033,38.8863538,-122.4762475,7,2015,Lake
2015-7-CA-037-200,200,CA-037,34.367,-117.683,7,2015,Los Angeles
2015-7-CA-039-5702,5702,CA-039,37.279722,-119.50014,7,2015,Madera
2015-7-CA-045-23,23,CA-045,39.0263,-123.303,7,2015,Mendocino
2015-7-CA-045-50,50,CA-045,39.43301,-123.36316,7,2015,Mendocino
2015-7-CA-049-116,116,CA-049,41.29226,-121.172117,7,2015,Modoc
2015-7-CA-049-4863,4863,CA-049,41.399,-121.392,7,2015,Modoc
2015-7-CA-049-77,77,CA-049,40.856422,-121.101623,7,2015,Modoc
2015-7-CA-057-2304,2304,CA-057,39.192088,-120.882313,7,2015,Nevada
2015-7-CA-059-214,214,CA-059,33.7626,-117.7274,7,2015,Orange
2015-7-CA-061-26,26,CA-061,38.9361,-121.1548,7,2015,Placer
2015-7-CA-065-21,21,CA-065,33.986204,-117.43942,7,2015,Riverside
2015-7-CA-069-25,25,CA-069,36.8727,-121.5681,7,2015,San Benito
2015-7-CA-071-4250,4250,CA-071,34.339,-117.478,7,2015,San Bernardino
2015-7-CA-071-54,54,CA-071,34.0783472,-117.0487863,7,2015,San Bernardino
2015-7-CA-073-167,167,CA-073,33.383889,-116.868611,7,2015,San Diego
2015-7-CA-073-25,25,CA-073,33.21407,-116.73472,7,2015,San Diego
2015-7-CA-079-95,95,CA-079,35.7183,-121.0157,7,2015,San Luis Obispo
2015-7-CA-089-18,18,CA-089,40.5953,-122.4397,7,2015,Shasta
2015-7-CA-089-212,212,CA-089,40.415108,-122.439939,7,2015,Shasta
2015-7-CA-089-75,75,CA-089,40.509552,-122.199227,7,2015,Shasta
2015-7-CA-089-90,90,CA-089,40.49865,-122.20109,7,2015,Shasta
2015-7-CA-093-181,181,CA-093,41.8048,-122.5029,7,2015,Siskiyou
2015-7-CA-093-24,24,CA-093,41.999341,-121.891226,7,2015,Siskiyou
2015-7-CA-095-150,150,CA-095,38.4113,-122.0789,7,2015,Solano
2015-7-CA-095-40,40,CA-095,38.1029,-122.1578,7,2015,Solano
2015-7-CA-099-40,40,CA-099,37.24523,-121.20324,7,2015,Stanislaus
2015-7-CA-103-170,170,CA-103,39.8448,-122.3638,7,2015,Tehama
2015-7-CA-107-430,430,CA-107,36.085212,-118.824235,7,2015,Tulare
2015-7-CA-107-6980,6980,CA-107,36.24,-118.54,7,2015,Tulare
2015-7-CA-107-86,86,CA-107,36.49845,-118.9009,7,2015,Tulare
2015-7-CA-109-204,204,CA-109,37.823,-120.15644,7,2015,Tuolumne
2015-8-CA-001-2700,2700,CA-001,37.3845,-121.3732,8,2015,Alameda
2015-8-CA-009-114,114,CA-009,38.052,-120.5577,8,2015,Calaveras
2015-8-CA-023-146,146,CA-023,40.1058823,-124.0720419,8,2015,Humboldt
2015-8-CA-033-215,215,CA-033,38.925764,-122.879272,8,2015,Lake
2015-8-CA-033-22,22,CA-033,38.831478,-122.53428,8,2015,Lake
2015-8-CA-033-25118,25118,CA-033,38.8142503,-122.4867319,8,2015,Lake
2015-8-CA-035-10570,10570,CA-035,40.938,-120.105,8,2015,Lassen
2015-8-CA-035-30,30,CA-035,41.12362,-121.194256,8,2015,Lassen
2015-8-CA-055-25118,25118,CA-055,38.8142503,-122.4867319,8,2015,Napa
2015-8-CA-065-543,543,CA-065,33.5736,-116.5387,8,2015,Riverside
2015-8-CA-071-55,55,CA-071,34.23,-116.883,8,2015,San Bernardino
2015-8-CA-073-55,55,CA-073,33.4115972,-117.2886249,8,2015,San Diego
2015-8-CA-079-2446,2446,CA-079,35.3477,-120.6269,8,2015,San Luis Obispo
2015-8-CA-083-52,52,CA-083,34.9522,-120.2903,8,2015,Santa Barbara
2015-8-CA-089-59,59,CA-089,40.3929,-122.40546,8,2015,Shasta
2015-8-CA-089-75,75,CA-089,40.67868,-121.93244,8,2015,Shasta
2015-8-CA-103-110,110,CA-103,40.3506868,-121.7786799,8,2015,Tehama
2015-8-CA-105-128,128,CA-105,40.724898,-122.96174,8,2015,Trinity
2015-8-CA-109-112,112,CA-109,37.83618,-120.61691,8,2015,Tuolumne
2015-8-CA-115-30,30,CA-115,39.33303,-121.18735,8,2015,Yuba
2015-9-CA-007-1042,1042,CA-007,39.5218,-121.3363,9,2015,Butte
2015-9-CA-007-72,72,CA-007,26.42,-121,9,2015,Butte
2015-9-CA-019-170,170,CA-019,40.400196,-120.553075,9,2015,Fresno
2015-9-CA-033-673,673,CA-033,55.23,-122,9,2015,Lake
2015-9-CA-035-40,40,CA-035,40.400196,-120.553075,9,2015,Lassen
2015-9-CA-053-1086,1086,CA-053,36.3699644,-121.589554,9,2015,Monterey
2015-9-CA-053-95,95,CA-053,36.5696373,-121.7556029,9,2015,Monterey
2015-9-CA-057-30,30,CA-057,39.081,-121.194,9,2015,Nevada
2015-9-CA-089-109,109,CA-089,40.47512,-122.52541,9,2015,Shasta
2015-9-CA-105-35,35,CA-105,40,41.46,9,2015,Trinity
2015-9-CA-109-108,108,CA-109,38.04684,-120.30188,9,2015,Tuolumne
2016-10-CA-017-176,176,CA-017,38.93449,-120.10744,10,2016,El Dorado
2016-10-CA-019-2100,2100,CA-019,36.94536,-119.25959,10,2016,Fresno
2016-10-CA-055-65,65,CA-055,38.40958,-122.43172,10,2016,Napa
2016-10-CA-107-10,10,CA-107,36.217,-118.551,10,2016,Tulare
2016-10-CA-107-4347,4347,CA-107,35.984,-118.551,10,2016,Tulare
2016-11-CA-037-4824,4824,CA-037,34.31,-118.335,11,2016,Los Angeles
2016-11-CA-073-28,28,CA-073,33.254355,-117.158475,11,2016,San Diego
2016-4-CA-037-0,0,CA-037,34.6888731,-118.7892593,4,2016,Los Angeles
2016-4-CA-047-30,30,CA-047,37.2171,-121.08036,4,2016,Merced
2016-5-CA-007-30,30,CA-007,39.624017,-121.595093,5,2016,Butte
2016-5-CA-007-91,91,CA-007,39.33035,-121.78973,5,2016,Butte
2016-5-CA-019-132,132,CA-019,36.78769,-119.38248,5,2016,Fresno
2016-5-CA-019-278,278,CA-019,36.88286,-119.654,5,2016,Fresno
2016-5-CA-037-156,156,CA-037,34.276,-118.354,5,2016,Los Angeles
2016-5-CA-053-25,25,CA-053,35.8378273,-121.0381507,5,2016,Monterey
2016-5-CA-053-3876,3876,CA-053,36.38123,-121.20059,5,2016,Monterey
2016-5-CA-061-169,169,CA-061,38.8390117,-121.3090268,5,2016,Placer
2016-5-CA-073-70,70,CA-073,33.41639,-117.08829,5,2016,San Diego
2016-5-CA-079-150,150,CA-079,35.61961,-120.39993,5,2016,San Luis Obispo
2016-5-CA-109-85,85,CA-109,37.927613,-120.528836,5,2016,Tuolumne
2016-6-CA-001-211,211,CA-001,37.74369,-121.58677,6,2016,Alameda
2016-6-CA-005-210,210,CA-005,38.26874,-120.90265,6,2016,Amador
2016-6-CA-005-372,372,CA-005,38.385,-121.003611,6,2016,Amador
2016-6-CA-007-112,112,CA-007,39.595,-121.6008,6,2016,Butte
2016-6-CA-007-49,49,CA-007,39.43351,-121.6051,6,2016,Butte
2016-6-CA-009-33,33,CA-009,38.22017,-120.8678,6,2016,Calaveras
2016-6-CA-017-25,25,CA-017,38.64107,-120.6955,6,2016,El Dorado
2016-6-CA-017-5646,5646,CA-017,38.96741,-120.9375,6,2016,El Dorado
2016-6-CA-029-48019,48019,CA-029,35.6115,-118.45628,6,2016,Kern
2016-6-CA-029-61,61,CA-029,35.77135,-120.251,6,2016,Kern
2016-6-CA-033-215,215,CA-033,39.12366,-122.50373,6,2016,Lake
2016-6-CA-047-1246,1246,CA-047,37.07147,-121.20155,6,2016,Merced
2016-6-CA-051-650,650,CA-051,37.97,-119.14,6,2016,Mono
2016-6-CA-053-2520,2520,CA-053,36.01542,-121.25029,6,2016,Monterey
2016-6-CA-053-52,52,CA-053,36.1934,-120.9293,6,2016,Monterey
2016-6-CA-053-70,70,CA-053,36.2833,-121.3306,6,2016,Monterey
2016-6-CA-059-47,47,CA-059,33.57872,-117.77395,6,2016,Orange
2016-6-CA-061-5646,5646,CA-061,38.96741,-120.9375,6,2016,Placer
2016-6-CA-061-88,88,CA-061,38.86804,-121.37704,6,2016,Placer
2016-6-CA-065-139,139,CA-065,33.476894,-117.140883,6,2016,Riverside
2016-6-CA-067-32,32,CA-067,38.3131,-121.06452,6,2016,Sacramento
2016-6-CA-069-30,30,CA-069,36.80296,-121.40304,6,2016,San Benito
2016-6-CA-069-83,83,CA-069,36.49914,-121.04993,6,2016,San Benito
2016-6-CA-073-7609,7609,CA-073,32.60729,-116.63028,6,2016,San Diego
2016-6-CA-079-0,0,CA-079,35.01382,-119.58206,6,2016,San Luis Obispo
2016-6-CA-079-86,86,CA-079,35.70821,-120.82266,6,2016,San Luis Obispo
2016-6-CA-083-7474,7474,CA-083,34.776,-119.643,6,2016,Santa Barbara
2016-6-CA-089-24,24,CA-089,40.61388,-122.46777,6,2016,Shasta
2016-6-CA-093-2860,2860,CA-093,41.623,-123.557,6,2016,Siskiyou
2016-6-CA-099-120,120,CA-099,37.17072,-121.42238,6,2016,Stanislaus
2016-6-CA-103-43,43,CA-103,39.93965,-122.40142,6,2016,Tehama
2016-6-CA-103-464,464,CA-103,40.0353,-122.56939,6,2016,Tehama
2016-6-CA-103-80,80,CA-103,39.7947,-121.857,6,2016,Tehama
2016-6-CA-107-0,0,CA-107,35.84883,-118.08591,6,2016,Tulare
2016-6-CA-111-2304,2304,CA-111,34.701,-119.144,6,2016,Ventura
2016-6-CA-113-277,277,CA-113,38.69971,-122.15457,6,2016,Yolo
2016-7-CA-009-310,310,CA-009,38.02845,-120.61153,7,2016,Calaveras
2016-7-CA-009-341,341,CA-009,38.08056,-120.81394,7,2016,Calaveras
2016-7-CA-009-35,35,CA-009,37.96311,-120.67335,7,2016,Calaveras
2016-7-CA-009-57,57,CA-009,37.98171,-120.64241,7,2016,Calaveras
2016-7-CA-013-40,40,CA-013,38.01264,-122.1885,7,2016,Contra Costa
2016-7-CA-017-50,50,CA-017,38.79549,-121.00299,7,2016,El Dorado
2016-7-CA-019-123,123,CA-019,37.0099,-119.5792,7,2016,Fresno
2016-7-CA-019-145,145,CA-019,36.14161,-120.62048,7,2016,Fresno
2016-7-CA-019-188,188,CA-019,36.92244,-119.39619,7,2016,Fresno
2016-7-CA-019-2241,2241,CA-019,37.01591,-119.50507,7,2016,Fresno
2016-7-CA-019-2944,2944,CA-019,36.0749,-120.452041,7,2016,Fresno
2016-7-CA-027-30,30,CA-027,36.58972,-118.15589,7,2016,Inyo
2016-7-CA-029-138,138,CA-029,35.60748,-118.94811,7,2016,Kern
2016-7-CA-029-1785,1785,CA-029,35.20993,-118.72272,7,2016,Kern
2016-7-CA-029-221,221,CA-029,35.68313,-118.21793,7,2016,Kern
2016-7-CA-029-554,554,CA-029,34.913,118.9082,7,2016,Kern
2016-7-CA-033-69,69,CA-033,39.0863,-122.7891,7,2016,Lake
2016-7-CA-037-1109,1109,CA-037,34.36763,-118.57245,7,2016,Los Angeles
2016-7-CA-039-103,103,CA-039,37.25601,-119.65776,7,2016,Madera
2016-7-CA-039-38,38,CA-039,37.24006,-119.4741,7,2016,Madera
2016-7-CA-053-100,100,CA-053,35.85093,-120.81081,7,2016,Monterey
2016-7-CA-053-132127,132127,CA-053,36.45994,-121.89938,7,2016,Monterey
2016-7-CA-067-87,87,CA-067,38.517772,-121.103642,7,2016,Sacramento
2016-7-CA-069-95,95,CA-069,5487,-120.841536,7,2016,San Benito
2016-7-CA-073-100,100,CA-073,32.9612,-116.7945,7,2016,San Diego
2016-7-CA-073-1245,1245,CA-073,33.393,-117.35093,7,2016,San Diego
2016-7-CA-073-28,28,CA-073,33.00056,-116.9571,7,2016,San Diego
2016-7-CA-085-114,114,CA-085,37.41896,-121.79669,7,2016,Santa Clara
2016-7-CA-089-441,441,CA-089,40.36873,-122.72913,7,2016,Shasta
2016-7-CA-093-23,23,CA-093,41.71847,-122.36924,7,2016,Siskiyou
2016-7-CA-093-26,26,CA-093,41.96191,-122.59328,7,2016,Siskiyou
2016-7-CA-095-57,57,CA-095,38.33475,-122.02564,7,2016,Solano
2016-7-CA-103-88,88,CA-103,40.07846,-122.2071,7,2016,Tehama
2016-7-CA-109-32,32,CA-109,37.81434,-120.69521,7,2016,Tuolumne
2016-7-CA-111-15,15,CA-111,33.11645,-116.58542,7,2016,Ventura
2016-7-CA-111-45,45,CA-111,34.27619,-118.63264,7,2016,Ventura
2016-7-CA-111-78,78,CA-111,36.92244,-119.39619,7,2016,Ventura
2016-7-CA-113-84,84,CA-113,38.8866,-122.04726,7,2016,Yolo
2016-8-CA-003-0,0,CA-003,38.57554,-120.00606,8,2016,Alpine
2016-8-CA-005-26,26,CA-005,38.2581,-120.8657,8,2016,Amador
2016-8-CA-007-550,550,CA-007,39.6708,-121.7192,8,2016,Butte
2016-8-CA-007-88,88,CA-007,39.79547,-121.71662,8,2016,Butte
2016-8-CA-009-450,450,CA-009,38.1874,-120.6381,8,2016,Calaveras
2016-8-CA-019-7050,7050,CA-019,36.09974,-120.51057,8,2016,Fresno
2016-8-CA-023-21,21,CA-023,40.9878,-123.77832,8,2016,Humboldt
2016-8-CA-023-23,23,CA-023,40.4572,-124.05804,8,2016,Humboldt
2016-8-CA-023-599,599,CA-023,41.28486,-123.82268,8,2016,Humboldt
2016-8-CA-029-100,100,CA-029,35.24504,-118.60344,8,2016,Kern
2016-8-CA-029-29322,29322,CA-029,35.7506,-118.5678,8,2016,Kern
2016-8-CA-029-304,304,CA-029,35.4976,-118.5097,8,2016,Kern
2016-8-CA-029-518,518,CA-029,35.2013,-118.7212,8,2016,Kern
2016-8-CA-033-20,20,CA-033,39.1408865,-122.9148951,8,2016,Lake
2016-8-CA-033-36,36,CA-033,38.68403,-122.26015,8,2016,Lake
2016-8-CA-033-3929,3929,CA-033,38.89741,-122.60664,8,2016,Lake
2016-8-CA-033-45,45,CA-033,36.09974,-120.51057,8,2016,Lake
2016-8-CA-039-85,85,CA-039,37.3228,-119.7738,8,2016,Madera
2016-8-CA-045-36,36,CA-045,39.8748511,-123.4267011,8,2016,Mendocino
2016-8-CA-059-150,150,CA-059,33.6542,-117.5221,8,2016,Orange
2016-8-CA-071-36274,36274,CA-071,34.30372,-117.49342,8,2016,San Bernardino
2016-8-CA-071-8110,8110,CA-071,34.28771,-117.27338,8,2016,San Bernardino
2016-8-CA-073-35,35,CA-073,33.22558,-117.14547,8,2016,San Diego
2016-8-CA-077-147,147,CA-077,37.62215,-121.36665,8,2016,San Joaquin
2016-8-CA-079-46344,46344,CA-079,35.70595,-120.98316,8,2016,San Luis Obispo
2016-8-CA-085-25,25,CA-085,37.06531,-121.68577,8,2016,Santa Clara
2016-8-CA-089-35,35,CA-089,40.61213,-122.47091,8,2016,Shasta
2016-8-CA-093-33867,33867,CA-093,41.851,-123.118,8,2016,Siskiyou
2016-8-CA-093-710,710,CA-093,41.7813,-122.611,8,2016,Siskiyou
2016-8-CA-103-80,80,CA-103,40.19611,-122.26736,8,2016,Tehama
2016-8-CA-107-395,395,CA-107,36.1648,-118.73906,8,2016,Tulare
2016-8-CA-113-5731,5731,CA-113,38.52513,-122.06788,8,2016,Yolo
2016-8-CA-115-400,400,CA-115,36.16965,-121.38775,8,2016,Yuba
2016-9-CA-005-45,45,CA-005,38.5212,-120.8416,9,2016,Amador
2016-9-CA-007-130,130,CA-007,39.4403,-121.42647,9,2016,Butte
2016-9-CA-007-30,30,CA-007,39.8851,-121.6998,9,2016,Butte
2016-9-CA-007-850,850,CA-007,39.6871,-121.571,9,2016,Butte
2016-9-CA-015-150,150,CA-015,37.75972,-120.029626,9,2016,Del Norte
2016-9-CA-019-158,158,CA-019,36.84479,-119.34487,9,2016,Fresno
2016-9-CA-019-70,70,CA-019,36.6543,-119.5327,9,2016,Fresno
2016-9-CA-027-5443,5443,CA-027,37.75985,-118.95309,9,2016,Inyo
2016-9-CA-035-2575,2575,CA-035,40.3915,-120.7845,9,2016,Lassen
2016-9-CA-045-50,50,CA-045,39.7299,-123.5044,9,2016,Mendocino
2016-9-CA-049-2652,2652,CA-049,41.2649,-120.3178,9,2016,Modoc
2016-9-CA-049-380,380,CA-049,41.4657,-120.9066,9,2016,Modoc
2016-9-CA-057-38,38,CA-057,39.39051,-120.51887,9,2016,Nevada
2016-9-CA-057-47,47,CA-057,39.20427,-121.05948,9,2016,Nevada
2016-9-CA-063-248,248,CA-063,39.92,-121.32,9,2016,Plumas
2016-9-CA-067-40,40,CA-067,38.558,-121.1309,9,2016,Sacramento
2016-9-CA-071-20,20,CA-071,34.25858,-117.4415,9,2016,San Bernardino
2016-9-CA-071-50,50,CA-071,34.3183,-117.3189,9,2016,San Bernardino
2016-9-CA-083-12518,12518,CA-083,34.63445,-120.54421,9,2016,Santa Barbara
2016-9-CA-083-215,215,CA-083,34.75134,-120.55297,9,2016,Santa Barbara
2016-9-CA-085-25,25,CA-085,37.11831,-121.69784,9,2016,Santa Clara
2016-9-CA-085-4474,4474,CA-085,37.10632,-121.85318,9,2016,Santa Clara
2016-9-CA-089-100,100,CA-089,40,-121.93923,9,2016,Shasta
2016-9-CA-089-75,75,CA-089,40.68192,-122.4096,9,2016,Shasta
2016-9-CA-093-32,32,CA-093,41.6314,-122.7933,9,2016,Siskiyou
2016-9-CA-097-1547,1547,CA-097,38.80017,-122.82895,9,2016,Sonoma
2016-9-CA-101-300,300,CA-101,39.188321,-121.78003,9,2016,Sutter
2016-9-CA-103-360,360,CA-103,40.30594,-122.1295,9,2016,Tehama
2016-9-CA-109-1080,1080,CA-109,37.79635,-120.32484,9,2016,Tuolumne
2017-10-CA-001-116,116,CA-001,37.7393,-121.85663,10,2017,Alameda
2017-10-CA-007-150,150,CA-007,39.74679,-121.67261,10,2017,Butte
2017-10-CA-007-6151,6151,CA-007,39.39455,-121.40613,10,2017,Butte
2017-10-CA-007-8417,8417,CA-007,39.62496,-121.52966,10,2017,Butte
2017-10-CA-009-130,130,CA-009,38.40234,-120.52953,10,2017,Calaveras
2017-10-CA-017-29,29,CA-017,38.77921,-120.46234,10,2017,El Dorado
2017-10-CA-017-426,426,CA-017,38.848,-120.287,10,2017,El Dorado
2017-10-CA-019-58,58,CA-019,36.7528,-119.2288,10,2017,Fresno
2017-10-CA-023-20,20,CA-023,40.88516,-123.96844,10,2017,Humboldt
2017-10-CA-029-183,183,CA-029,35.19008,-118.76152,10,2017,Kern
2017-10-CA-029-184,184,CA-029,35.3091,-118.701,10,2017,Kern
2017-10-CA-029-50,50,CA-029,35.21556,-118.56578,10,2017,Kern
2017-10-CA-033-100,100,CA-033,39.0199,-122.57487,10,2017,Lake
2017-10-CA-033-2207,2207,CA-033,39.01387,-122.64543,10,2017,Lake
2017-10-CA-033-87,87,CA-033,39.15016,-122.576,10,2017,Lake
2017-10-CA-037-50,50,CA-037,34.22551,-118.05545,10,2017,Los Angeles
2017-10-CA-043-17,17,CA-043,37.41231,-119.87465,10,2017,Mariposa
2017-10-CA-045-36523,36523,CA-045,39.24873,-123.16635,10,2017,Mendocino
2017-10-CA-053-31,31,CA-053,36.5858,-121.80377,10,2017,Monterey
2017-10-CA-055-0,0,CA-055,38.31802,-122.39052,10,2017,Napa
2017-10-CA-055-36807,36807,CA-055,38.60895,-122.62879,10,2017,Napa
2017-10-CA-055-51624,51624,CA-055,38.39206,-122.24367,10,2017,Napa
2017-10-CA-055-56556,56556,CA-055,38.4041,-122.5209,10,2017,Napa
2017-10-CA-057-19,19,CA-057,39.06414,-121.13737,10,2017,Nevada
2017-10-CA-057-76,76,CA-057,39.19325,-121.08406,10,2017,Nevada
2017-10-CA-057-821,821,CA-057,39.24549,-121.12792,10,2017,Nevada
2017-10-CA-059-9217,9217,CA-059,33.87041,-117.70975,10,2017,Orange
2017-10-CA-065-23,23,CA-065,33.50488,-117.02132,10,2017,Riverside
2017-10-CA-065-50,50,CA-065,33.8826,-117.00589,10,2017,Riverside
2017-10-CA-065-866,866,CA-065,33.60247,-117.34192,10,2017,Riverside
2017-5-CA-065-35,35,CA-065,33.96419,-117.20507,5,2017,Riverside
2017-10-CA-071-40,40,CA-071,34.13534,-117.4982,10,2017,San Bernardino
2017-10-CA-073-100,100,CA-073,32.64962,-116.37345,10,2017,San Diego
2017-10-CA-073-1088,1088,CA-073,33.402411,-117.402445,10,2017,San Diego
2017-10-CA-073-25,25,CA-073,33.18716,-116.50897,10,2017,San Diego
2017-10-CA-073-81,81,CA-073,33.38613,-117.46709,10,2017,San Diego
2017-10-CA-079-21,21,CA-079,35.41112,-120.00353,10,2017,San Luis Obispo
2017-10-CA-079-45,45,CA-079,35.28738,-120.44448,10,2017,San Luis Obispo
2017-10-CA-079-73,73,CA-079,35.78616,-120.96514,10,2017,San Luis Obispo
2017-10-CA-087-391,391,CA-087,37.18356,-122.07012,10,2017,Santa Cruz
2017-10-CA-089-37,37,CA-089,40.774,-122.309,10,2017,Shasta
2017-10-CA-089-40,40,CA-089,40.70627,-122.24199,10,2017,Shasta
2017-10-CA-095-100,100,CA-095,38.43658,-121.97233,10,2017,Solano
2017-10-CA-095-51624,51624,CA-095,38.39206,-122.24367,10,2017,Solano
2017-10-CA-097-0,0,CA-097,38.36685,-122.64001,10,2017,Sonoma
2017-10-CA-097-100,100,CA-097,38.46123,-122.58152,10,2017,Sonoma
2017-10-CA-097-1660,1660,CA-097,38.14242,-122.47301,10,2017,Sonoma
2017-10-CA-097-17357,17357,CA-097,38.76549,-122.90939,10,2017,Sonoma
2017-10-CA-097-20,20,CA-097,38.51937,-123.24713,10,2017,Sonoma
2017-10-CA-097-36807,36807,CA-097,38.60895,-122.62879,10,2017,Sonoma
2017-10-CA-097-56556,56556,CA-097,38.4041,-122.5209,10,2017,Sonoma
2017-10-CA-099-13,13,CA-099,37.89532,-120.84748,10,2017,Stanislaus
2017-10-CA-103-10,10,CA-103,40.24789,-122.255,10,2017,Tehama
2017-10-CA-103-194,194,CA-103,40.02261,-121.91425,10,2017,Tehama
2017-10-CA-103-20,20,CA-103,40.20077,-122.24731,10,2017,Tehama
2017-10-CA-105-148,148,CA-105,40.46836,-123.51619,10,2017,Trinity
2017-10-CA-111-86,86,CA-111,34.34949,-119.30918,10,2017,Ventura
2017-10-CA-115-9989,9989,CA-115,39.32198,-121.4021,10,2017,Yuba
2017-11-CA-051-370,370,CA-051,38.46111,-119.48284,11,2017,Mono
2017-11-CA-065-40,40,CA-065,33.90327,-116.50151,11,2017,Riverside
2017-11-CA-069-47,47,CA-069,36.38109,-121.00391,11,2017,San Benito
2017-11-CA-071-99,99,CA-071,34.035344,-116.940661,11,2017,San Bernardino
2017-11-CA-103-43,43,CA-103,39.81517,-122.28165,11,2017,Tehama
2017-12-CA-017-80,80,CA-017,38.869036,-119.61865,12,2017,El Dorado
2017-12-CA-037-15619,15619,CA-037,34.31283,-118.35863,12,2017,Los Angeles
2017-12-CA-037-422,422,CA-037,34.09454,-118.48178,12,2017,Los Angeles
2017-12-CA-037-6049,6049,CA-037,34.45283,-118.58188,12,2017,Los Angeles
2017-12-CA-065-19,19,CA-065,33.88994,-116.91023,12,2017,Riverside
2017-12-CA-065-300,300,CA-065,33.59257,-117.14979,12,2017,Riverside
2017-12-CA-065-40,40,CA-065,33.96514,-117.4764,12,2017,Riverside
2017-12-CA-065-45,45,CA-065,33.9885,-117.38417,12,2017,Riverside
2017-12-CA-071-260,260,CA-071,34.16564,-117.33334,12,2017,San Bernardino
2017-12-CA-071-34,34,CA-071,34.21829,-117.40625,12,2017,San Bernardino
2017-12-CA-073-4100,4100,CA-073,33.3237,-117.163,12,2017,San Diego
2017-12-CA-083-14,14,CA-083,34.605358,-120.414875,12,2017,Santa Barbara
2017-12-CA-083-281893,281893,CA-083,34.41521,-119.09124,12,2017,Santa Barbara
2017-12-CA-111-281893,281893,CA-111,34.41521,-119.09124,12,2017,Ventura
2017-2-CA-007-0,0,CA-007,39.51158,-121.55633,2,2017,Butte
2017-4-CA-019-126,126,CA-019,36.5355,-120.6585,4,2017,Fresno
2017-4-CA-019-5738,5738,CA-019,36.07228,-120.26561,4,2017,Fresno
2017-4-CA-019-976,976,CA-019,36.530836,-120.206592,4,2017,Fresno
2017-4-CA-049-380,380,CA-049,41.16716,-120.58342,4,2017,Modoc
2017-4-CA-053-10,10,CA-053,36.44141,-121.34695,4,2017,Monterey
2017-4-CA-065-12,12,CA-065,33.7866,-117.5048,4,2017,Riverside
2017-4-CA-065-1350,1350,CA-065,34.00566,-117.30693,4,2017,Riverside
2017-4-CA-065-15,15,CA-065,33.56777,-116.08003,4,2017,Riverside
2017-4-CA-071-150,150,CA-071,34.30104,-117.45646,4,2017,San Bernardino
2017-4-CA-089-45,45,CA-089,40.48712,-121.85645,4,2017,Shasta
2017-5-CA-009-15,15,CA-009,38.19906,-120.83484,5,2017,Calaveras
2017-5-CA-019-10343,10343,CA-019,36.12089,-120.37116,5,2017,Fresno
2017-5-CA-019-16,16,CA-019,36.96642,-119.58292,5,2017,Fresno
2017-5-CA-019-18,18,CA-019,36.61332,-120.7109,5,2017,Fresno
2017-5-CA-019-400,400,CA-019,36.45491,-120.2445,5,2017,Fresno
2017-5-CA-019-70,70,CA-019,36.60736,-120.5828,5,2017,Fresno
2017-5-CA-029-10,10,CA-029,34.87128,-118.35296,5,2017,Kern
2017-5-CA-029-19,19,CA-029,35.71704,-118.30601,5,2017,Kern
2017-5-CA-029-288,288,CA-029,35.41283,-118.84466,5,2017,Kern
2017-5-CA-029-31,31,CA-029,35.60001,-118.4683,5,2017,Kern
2017-5-CA-029-41,41,CA-029,35.05076,-118.90004,5,2017,Kern
2017-5-CA-029-506,506,CA-029,35.4605,-118.85896,5,2017,Kern
2017-5-CA-031-20,20,CA-031,35.983,-119.91508,5,2017,Kings
2017-5-CA-039-150,150,CA-039,36.90967,-119.79315,5,2017,Madera
2017-5-CA-047-1800,1800,CA-047,36.96655,-120.89261,5,2017,Merced
2017-5-CA-053-17,17,CA-053,36.2771,-120.94328,5,2017,Monterey
2017-5-CA-053-18,18,CA-053,36.1727,-120.86682,5,2017,Monterey
2017-5-CA-053-20,20,CA-053,35.77082,-120.92482,5,2017,Monterey
2017-5-CA-065-10,10,CA-065,33.94673,-117.17773,5,2017,Riverside
2017-5-CA-065-120,120,CA-065,33.88287,-116.99651,5,2017,Riverside
2017-5-CA-065-14,14,CA-065,33.97155,-117.44148,5,2017,Riverside
2017-5-CA-065-17,17,CA-065,33.88466,-116.99229,5,2017,Riverside
2017-5-CA-065-48,48,CA-065,33.58577,-116.07429,5,2017,Riverside
2017-5-CA-069-21,21,CA-069,36.35578,-120.99552,5,2017,San Benito
2017-5-CA-071-16,16,CA-071,34.04412,-116.55326,5,2017,San Bernardino
2017-5-CA-073-1000,1000,CA-073,33.34988,-117.39818,5,2017,San Diego
2017-5-CA-073-2056,2056,CA-073,32.65597,-116.80527,5,2017,San Diego
2017-5-CA-073-25,25,CA-073,32.679,-116.29296,5,2017,San Diego
2017-5-CA-073-486,486,CA-073,33.3906,-117.32348,5,2017,San Diego
2017-5-CA-079-0,0,CA-079,35.85253,-120.80411,5,2017,San Luis Obispo
2017-5-CA-079-12,12,CA-079,35.6879,-120.3317,5,2017,San Luis Obispo
2017-5-CA-079-130,130,CA-079,35.78286,-120.22647,5,2017,San Luis Obispo
2017-5-CA-079-17,17,CA-079,35.556667,-120.474,5,2017,San Luis Obispo
2017-5-CA-079-225,225,CA-079,35.21177,-119.87525,5,2017,San Luis Obispo
2017-5-CA-083-190,190,CA-083,34.9465,-119.8036,5,2017,Santa Barbara
2017-5-CA-107-79,79,CA-107,35.89423,-119.00334,5,2017,Tulare
2017-5-CA-115-10,10,CA-115,39.23205,-121.376,5,2017,Yuba
2017-6-CA-007-111,111,CA-007,39.38416,-121.5786,6,2017,Butte
2017-6-CA-007-134,134,CA-007,39.69717,-121.75417,6,2017,Butte
2017-6-CA-007-21,21,CA-007,39.364,-121.4143,6,2017,Butte
2017-6-CA-007-91,91,CA-007,39.52499,-121.64897,6,2017,Butte
2017-6-CA-013-20,20,CA-013,37.86549,-122.2102,6,2017,Contra Costa
2017-6-CA-015-28,28,CA-015,41.93323,-124.19629,6,2017,Del Norte
2017-6-CA-019-186,186,CA-019,36.704679,-120.405077,6,2017,Fresno
2017-6-CA-019-357,357,CA-019,36.27306,-120.65185,6,2017,Fresno
2017-6-CA-019-450,450,CA-019,36.616986,-120.369347,6,2017,Fresno
2017-6-CA-019-76,76,CA-019,36.8005,-119.35901,6,2017,Fresno
2017-6-CA-029-10,10,CA-029,35.564124,-118.796513,6,2017,Kern
2017-6-CA-029-1200,1200,CA-029,35.38298,-118.80123,6,2017,Kern
2017-6-CA-029-1522,1522,CA-029,35.53456,-118.66733,6,2017,Kern
2017-6-CA-029-16,16,CA-029,35.188,-119.2877,6,2017,Kern
2017-6-CA-029-206,206,CA-029,35.59804,-118.47939,6,2017,Kern
2017-6-CA-029-33,33,CA-029,35.60633,-118.4642,6,2017,Kern
2017-6-CA-029-35,35,CA-029,35.37351,-118.84134,6,2017,Kern
2017-6-CA-035-67,67,CA-035,40.03392,-120.1064,6,2017,Lassen
2017-6-CA-037-25,25,CA-037,34.29931,-118.37539,6,2017,Los Angeles
2017-6-CA-037-41,41,CA-037,34.10446,-118.70294,6,2017,Los Angeles
2017-6-CA-037-55,55,CA-037,34.03941,-118.58624,6,2017,Los Angeles
2017-6-CA-037-760,760,CA-037,34.37443,-118.49343,6,2017,Los Angeles
2017-6-CA-037-800,800,CA-037,34.55607,-118.60703,6,2017,Los Angeles
2017-6-CA-039-1431,1431,CA-039,37.0825,-119.8011,6,2017,Madera
2017-6-CA-039-157,157,CA-039,37.12759,-120.0193,6,2017,Madera
2017-6-CA-039-25,25,CA-039,37.02081,-119.95136,6,2017,Madera
2017-6-CA-041-38,38,CA-041,37.9775,-122.65749,6,2017,Marin
2017-6-CA-043-63,63,CA-043,37.36914,-120.0088,6,2017,Mariposa
2017-6-CA-043-630,630,CA-043,37.3762,-119.9646,6,2017,Mariposa
2017-6-CA-049-42,42,CA-049,41.38247,-120.53443,6,2017,Modoc
2017-6-CA-049-562,562,CA-049,41.85763,-121.29581,6,2017,Modoc
2017-6-CA-053-14,14,CA-053,35.80375,-120.52508,6,2017,Monterey
2017-6-CA-053-15,15,CA-053,35.947,-120.87492,6,2017,Monterey
2017-6-CA-053-32,32,CA-053,35.902149,-120.983684,6,2017,Monterey
2017-6-CA-053-42,42,CA-053,35.96275,-121.08753,6,2017,Monterey
2017-6-CA-055-22,22,CA-055,38.68347,-122.2654,6,2017,Napa
2017-6-CA-065-10,10,CA-065,33.87107,-116.88097,6,2017,Riverside
2017-6-CA-065-105,105,CA-065,33.950382,-116.884446,6,2017,Riverside
2017-6-CA-065-153,153,CA-065,33.98639,-117.21314,6,2017,Riverside
2017-6-CA-065-20,20,CA-065,33.52584,-116.85226,6,2017,Riverside
2017-6-CA-065-26,26,CA-065,33.94788,-116.59719,6,2017,Riverside
2017-6-CA-065-27,27,CA-065,33.82165,-116.96079,6,2017,Riverside
2017-6-CA-065-28,28,CA-065,33.79925,-117.11659,6,2017,Riverside
2017-6-CA-065-33,33,CA-065,33.584036,-116.972036,6,2017,Riverside
2017-6-CA-065-6309,6309,CA-065,33.530045,-116.594422,6,2017,Riverside
2017-6-CA-067-35,35,CA-067,38.45822,-120.92162,6,2017,Sacramento
2017-6-CA-067-68,68,CA-067,38.33707,-121.11113,6,2017,Sacramento
2017-6-CA-071-1503,1503,CA-071,34.2976,-116.826,6,2017,San Bernardino
2017-6-CA-071-670,670,CA-071,34.14575,-117.17813,6,2017,San Bernardino
2017-6-CA-073-0,0,CA-073,33.43513,-117.58252,6,2017,San Diego
2017-6-CA-073-25,25,CA-073,32.7789,-116.8516,6,2017,San Diego
2017-6-CA-073-36,36,CA-073,33.1683,-116.77342,6,2017,San Diego
2017-6-CA-073-50,50,CA-073,33.23281,-117.29509,6,2017,San Diego
2017-6-CA-079-150,150,CA-079,35.6871,-120.3187,6,2017,San Luis Obispo
2017-6-CA-079-1598,1598,CA-079,35.4025,-120.4992,6,2017,San Luis Obispo
2017-6-CA-085-54,54,CA-085,37.33454,-121.76323,6,2017,Santa Clara
2017-6-CA-085-85,85,CA-085,37.3344,-121.71752,6,2017,Santa Clara
2017-6-CA-091-168,168,CA-091,39.71101,-120.02325,6,2017,Sierra
2017-6-CA-093-0,0,CA-093,41.841,-123.474,6,2017,Siskiyou
2017-6-CA-093-19,19,CA-093,40.703775,-122.645079,6,2017,Siskiyou
2017-6-CA-093-46,46,CA-093,41.8721,-122.4571,6,2017,Siskiyou
2017-6-CA-093-56,56,CA-093,41.93006,-122.36545,6,2017,Siskiyou
2017-6-CA-095-39,39,CA-095,38.07481,-122.23004,6,2017,Solano
2017-6-CA-099-65,65,CA-099,37.82934,-120.68992,6,2017,Stanislaus
2017-6-CA-103-42,42,CA-103,40.10282,-122.27379,6,2017,Tehama
2017-6-CA-103-60,60,CA-103,40.32063,-122.83208,6,2017,Tehama
2017-6-CA-103-78,78,CA-103,40.38944,-122.13088,6,2017,Tehama
2017-6-CA-107-0,0,CA-107,36.51912,-119.50606,6,2017,Tulare
2017-6-CA-107-135,135,CA-107,35.8556,-118.74542,6,2017,Tulare
2017-6-CA-107-339,339,CA-107,36.45809,-118.87676,6,2017,Tulare
2017-6-CA-109-38,38,CA-109,37.85137,-120.45268,6,2017,Tuolumne
2017-7-CA-007-10,10,CA-007,39.50475,-121.33785,7,2017,Butte
2017-7-CA-007-103,103,CA-007,39.76243,-121.74121,7,2017,Butte
2017-7-CA-007-14,14,CA-007,39.8629,-121.6268,7,2017,Butte
2017-7-CA-007-166,166,CA-007,39.37192,-121.53865,7,2017,Butte
2017-7-CA-007-18,18,CA-007,39.53944,-121.54722,7,2017,Butte
2017-7-CA-007-6033,6033,CA-007,39.45352,-121.41222,7,2017,Butte
2017-7-CA-009-117,117,CA-009,38.29113,-120.62177,7,2017,Calaveras
2017-7-CA-009-22,22,CA-009,38.20176,-120.67848,7,2017,Calaveras
2017-7-CA-009-59,59,CA-009,38.18303,-120.85322,7,2017,Calaveras
2017-7-CA-011-70,70,CA-011,39.01224,-122.20127,7,2017,Colusa
2017-7-CA-013-231,231,CA-013,37.87808,-121.78677,7,2017,Contra Costa
2017-7-CA-013-370,370,CA-013,38.02929,-122.25544,7,2017,Contra Costa
2017-7-CA-015-319,319,CA-015,41.478,-123.506,7,2017,Del Norte
2017-7-CA-017-13,13,CA-017,38.67474,-121.06088,7,2017,El Dorado
2017-7-CA-017-140,140,CA-017,38.559707,-120.70013,7,2017,El Dorado
2017-7-CA-017-236,236,CA-017,38.538332,-121.039267,7,2017,El Dorado
2017-7-CA-017-74,74,CA-017,38.7803,-120.97111,7,2017,El Dorado
2017-7-CA-019-1538,1538,CA-019,36.269125,-120.620791,7,2017,Fresno
2017-7-CA-019-1649,1649,CA-019,35.95911,-120.55579,7,2017,Fresno
2017-7-CA-019-57,57,CA-019,36.81476,-119.51592,7,2017,Fresno
2017-7-CA-019-91,91,CA-019,36.95104,-119.65621,7,2017,Fresno
2017-7-CA-021-0,0,CA-021,39.75425,-122.17657,7,2017,Glenn
2017-7-CA-029-1083,1083,CA-029,34.94373,-119.44751,7,2017,Kern
2017-7-CA-029-1350,1350,CA-029,35.543,-118.654,7,2017,Kern
2017-7-CA-029-1626,1626,CA-029,35.59904,-119.08312,7,2017,Kern
2017-7-CA-029-2940,2940,CA-029,35.77896,-118.89627,7,2017,Kern
2017-7-CA-031-48889,48889,CA-031,35.93273,-120.20014,7,2017,Kings
2017-7-CA-033-40,40,CA-033,38.86056,-122.62382,7,2017,Lake
2017-7-CA-035-0,0,CA-035,40.6361,-120.9643,7,2017,Lassen
2017-7-CA-035-83733,83733,CA-035,40.07045,-120.14013,7,2017,Lassen
2017-7-CA-037-135,135,CA-037,34.792882,-118.851943,7,2017,Los Angeles
2017-7-CA-039-90,90,CA-039,37.09773,-120.02027,7,2017,Madera
2017-7-CA-041-35,35,CA-041,38.08055,-122.77846,7,2017,Marin
2017-7-CA-043-225,225,CA-043,37.4591,-119.921,7,2017,Mariposa
2017-7-CA-043-36,36,CA-043,37.65963,-120.34802,7,2017,Mariposa
2017-7-CA-043-81826,81826,CA-043,37.61757,-120.21321,7,2017,Mariposa
2017-7-CA-045-20,20,CA-045,39.13207,-123.10227,7,2017,Mendocino
2017-7-CA-045-900,900,CA-045,39.30125,-123.28825,7,2017,Mendocino
2017-7-CA-049-0,0,CA-049,41.338,-120.304,7,2017,Modoc
2017-7-CA-049-15,15,CA-049,41.45589,-120.56933,7,2017,Modoc
2017-7-CA-049-410,410,CA-049,41.72163,-121.30451,7,2017,Modoc
2017-7-CA-053-1816,1816,CA-053,35.86949,-120.57894,7,2017,Monterey
2017-7-CA-053-40,40,CA-053,36.66684,-121.74826,7,2017,Monterey
2017-7-CA-057-10,10,CA-057,39.08382,-121.06656,7,2017,Nevada
2017-7-CA-057-15,15,CA-057,39.16826,-120.95498,7,2017,Nevada
2017-7-CA-063-4310,4310,CA-063,39.9034,-120.9761,7,2017,Plumas
2017-7-CA-065-10,10,CA-065,33.91806,-116.99321,7,2017,Riverside
2017-7-CA-065-11,11,CA-065,33.913089,-117.096233,7,2017,Riverside
2017-7-CA-065-200,200,CA-065,33.689092,-117.396404,7,2017,Riverside
2017-7-CA-065-205,205,CA-065,33.85323,-117.48195,7,2017,Riverside
2017-7-CA-065-30,30,CA-065,33.96896,-117.25411,7,2017,Riverside
2017-7-CA-065-32,32,CA-065,33.62613,-117.07975,7,2017,Riverside
2017-7-CA-065-33,33,CA-065,33.763304,-117.314994,7,2017,Riverside
2017-7-CA-065-35,35,CA-065,33.99316,-117.48405,7,2017,Riverside
2017-7-CA-065-50,50,CA-065,33.87739,-117.16215,7,2017,Riverside
2017-7-CA-065-63,63,CA-065,33.81976,-117.18552,7,2017,Riverside
2017-7-CA-065-72,72,CA-065,33.75526,-117.25075,7,2017,Riverside
2017-7-CA-067-1286,1286,CA-067,38.5181,-121.104,7,2017,Sacramento
2017-7-CA-069-34,34,CA-069,36.85596,-121.30983,7,2017,San Benito
2017-7-CA-071-100,100,CA-071,34.19076,-117.26969,7,2017,San Bernardino
2017-7-CA-071-13,13,CA-071,34.304722,-117.3125,7,2017,San Bernardino
2017-7-CA-071-170,170,CA-071,34.41204,-117.03031,7,2017,San Bernardino
2017-7-CA-071-20,20,CA-071,34.139,-117.199,7,2017,San Bernardino
2017-7-CA-071-46,46,CA-071,34.149,-117.189,7,2017,San Bernardino
2017-7-CA-071-460,460,CA-071,34.09773,-117.10567,7,2017,San Bernardino
2017-7-CA-071-74,74,CA-071,34.07612,-117.06765,7,2017,San Bernardino
2017-7-CA-071-85,85,CA-071,34.20152,-117.14466,7,2017,San Bernardino
2017-7-CA-073-255,255,CA-073,33.34659,-116.66107,7,2017,San Diego
2017-7-CA-073-400,400,CA-073,32.84796,-116.85396,7,2017,San Diego
2017-7-CA-079-150,150,CA-079,35.7751,-120.23656,7,2017,San Luis Obispo
2017-7-CA-079-1816,1816,CA-079,35.86949,-120.57894,7,2017,San Luis Obispo
2017-7-CA-079-28687,28687,CA-079,35.0179,-120.3223,7,2017,San Luis Obispo
2017-7-CA-079-340,340,CA-079,35.42433,-120.47322,7,2017,San Luis Obispo
2017-7-CA-079-47,47,CA-079,35.06472,-120.5634,7,2017,San Luis Obispo
2017-7-CA-079-58,58,CA-079,35.346,-120.62825,7,2017,San Luis Obispo
2017-7-CA-083-18430,18430,CA-083,34.55096,-119.9494,7,2017,Santa Barbara
2017-7-CA-083-50,50,CA-083,34.72379,-120.13249,7,2017,Santa Barbara
2017-7-CA-085-101,101,CA-085,37.39801,-121.8179,7,2017,Santa Clara
2017-7-CA-085-51,51,CA-085,37.44485,-121.84108,7,2017,Santa Clara
2017-7-CA-085-70,70,CA-085,37.25014,-121.68562,7,2017,Santa Clara
2017-7-CA-085-78,78,CA-085,36.96607,-121.55552,7,2017,Santa Clara
2017-7-CA-089-10,10,CA-089,40.48972,-122.38619,7,2017,Shasta
2017-7-CA-089-128,128,CA-089,40.69554,-122.0122,7,2017,Shasta
2017-7-CA-089-17,17,CA-089,40.69259,-122.17384,7,2017,Shasta
2017-7-CA-089-180,180,CA-089,40.47106,-122.43608,7,2017,Shasta
2017-7-CA-091-747,747,CA-091,39.439722,-120.027222,7,2017,Sierra
2017-7-CA-093-0,0,CA-093,41.86609,-122.73031,7,2017,Siskiyou
2017-7-CA-093-155,155,CA-093,41.9808,-121.9741,7,2017,Siskiyou
2017-7-CA-093-27276,27276,CA-093,41.59,-123.501,7,2017,Siskiyou
2017-7-CA-093-469,469,CA-093,41.3975,-122.8428,7,2017,Siskiyou
2017-7-CA-097-11,11,CA-097,38.70289,-122.90217,7,2017,Sonoma
2017-7-CA-099-19,19,CA-099,37.81827,-120.65764,7,2017,Stanislaus
2017-7-CA-099-5247,5247,CA-099,38.329,-119.782,7,2017,Stanislaus
2017-7-CA-099-62,62,CA-099,37.64898,-120.4925,7,2017,Stanislaus
2017-7-CA-103-29,29,CA-103,40.29118,-122.42606,7,2017,Tehama
2017-7-CA-103-57,57,CA-103,40.1583,-122.3209,7,2017,Tehama
2017-7-CA-107-21,21,CA-107,36.10858,-118.81979,7,2017,Tulare
2017-7-CA-107-2289,2289,CA-107,36.0226,-118.94252,7,2017,Tulare
2017-7-CA-107-416,416,CA-107,36.22265,-119.06598,7,2017,Tulare
2017-7-CA-107-58,58,CA-107,36.64404,-118.99944,7,2017,Tulare
2017-7-CA-107-59,59,CA-107,36.18815,-118.78928,7,2017,Tulare
2017-7-CA-109-124,124,CA-109,37.90014,-120.36005,7,2017,Tuolumne
2017-7-CA-109-690,690,CA-109,37.905545,-120.408135,7,2017,Tuolumne
2017-7-CA-111-50,50,CA-111,34.20599,-118.98603,7,2017,Ventura
2017-7-CA-113-2269,2269,CA-113,38.49521,-122.0251,7,2017,Yolo
2017-7-CA-115-39,39,CA-115,39.06522,-121.3519,7,2017,Yuba
2017-7-CA-115-50,50,CA-115,39.06308,-121.303,7,2017,Yuba
2017-8-CA-001-200,200,CA-001,37.72543,-121.90516,8,2017,Alameda
2017-8-CA-001-44,44,CA-001,37.56181,-121.56425,8,2017,Alameda
2017-8-CA-005-10,10,CA-005,38.34421,-120.72274,8,2017,Amador
2017-8-CA-007-4016,4016,CA-007,39.57701,-121.30209,8,2017,Butte
2017-8-CA-019-102,102,CA-019,36.36113,-120.32685,8,2017,Fresno
2017-8-CA-019-111,111,CA-019,36.93332,-119.43376,8,2017,Fresno
2017-8-CA-019-31,31,CA-019,36.099681,-120.443545,8,2017,Fresno
2017-8-CA-019-69,69,CA-019,36.7279,-119.28241,8,2017,Fresno
2017-8-CA-023-19,19,CA-023,40.39799,-123.57562,8,2017,Humboldt
2017-8-CA-023-30,30,CA-023,40.27582,-123.64281,8,2017,Humboldt
2017-8-CA-023-34,34,CA-023,40.03697,-123.64214,8,2017,Humboldt
2017-8-CA-023-40,40,CA-023,41.02705,-123.63721,8,2017,Humboldt
2017-8-CA-023-85,85,CA-023,40.11794,-123.76099,8,2017,Humboldt
2017-8-CA-029-338,338,CA-029,34.92907,-118.9267,8,2017,Kern
2017-8-CA-029-50,50,CA-029,35.70639,-118.47307,8,2017,Kern
2017-8-CA-031-2312,2312,CA-031,36.05187,-120.05404,8,2017,Kings
2017-8-CA-033-62,62,CA-033,38.94599,-122.81135,8,2017,Lake
2017-8-CA-035-157,157,CA-035,40.80968,-120.48641,8,2017,Lassen
2017-8-CA-035-18618,18618,CA-035,40.69573,-119.93499,8,2017,Lassen
2017-8-CA-035-530,530,CA-035,41.11989,-120.74968,8,2017,Lassen
2017-8-CA-035-6042,6042,CA-035,40.43962,-120.22215,8,2017,Lassen
2017-8-CA-035-859,859,CA-035,39.888,-120.066,8,2017,Lassen
2017-8-CA-037-10,10,CA-037,34.23925,-117.85182,8,2017,Los Angeles
2017-8-CA-037-30,30,CA-037,34.52055,-118.62882,8,2017,Los Angeles
2017-8-CA-039-12407,12407,CA-039,37.44663,-119.64622,8,2017,Madera
2017-8-CA-043-125,125,CA-043,37.62823,-120.30046,8,2017,Mariposa
2017-8-CA-043-7000,7000,CA-043,37.538,-119.598,8,2017,Mariposa
2017-8-CA-043-8094,8094,CA-043,37.644,-119.618,8,2017,Mariposa
2017-8-CA-049-27,27,CA-049,41.64469,-120.31814,8,2017,Modoc
2017-8-CA-049-28,28,CA-049,41.4844,-120.36659,8,2017,Modoc
2017-8-CA-049-7697,7697,CA-049,41.466,-120.321,8,2017,Modoc
2017-8-CA-051-8925,8925,CA-051,38.655,-119.55425,8,2017,Mono
2017-8-CA-053-82,82,CA-053,35.86596,-120.64584,8,2017,Monterey
2017-8-CA-055-114,114,CA-055,38.49336,-122.2483,8,2017,Napa
2017-8-CA-057-392,392,CA-057,39.34292,-121.12004,8,2017,Nevada
2017-8-CA-063-1020,1020,CA-063,39.75371,-120.1397,8,2017,Plumas
2017-8-CA-063-186,186,CA-063,39.9864,-120.89746,8,2017,Plumas
2017-8-CA-065-1044,1044,CA-065,33.98212,-117.30819,8,2017,Riverside
2017-8-CA-065-122,122,CA-065,34.009026,-117.239099,8,2017,Riverside
2017-8-CA-065-168,168,CA-065,33.87679,-117.00258,8,2017,Riverside
2017-8-CA-065-19,19,CA-065,33.797216,-117.124538,8,2017,Riverside
2017-8-CA-065-46,46,CA-065,33.6444,-117.3968,8,2017,Riverside
2017-8-CA-065-545,545,CA-065,33.95036,-116.88066,8,2017,Riverside
2017-8-CA-065-85,85,CA-065,117.337331,34.015742,8,2017,Riverside
2017-8-CA-065-92,92,CA-065,33.57139,-116.8247,8,2017,Riverside
2017-8-CA-071-325,325,CA-071,34.08492,-117.03826,8,2017,San Bernardino
2017-8-CA-073-200,200,CA-073,32.65003,-116.42907,8,2017,San Diego
2017-8-CA-073-62,62,CA-073,33.20988,-116.46989,8,2017,San Diego
2017-8-CA-079-460,460,CA-079,35.40357,-120.28037,8,2017,San Luis Obispo
2017-8-CA-079-70,70,CA-079,35.4403,-120.2913,8,2017,San Luis Obispo
2017-8-CA-079-775,775,CA-079,35.7908,-120.77485,8,2017,San Luis Obispo
2017-8-CA-085-100,100,CA-085,37.14653,-121.68165,8,2017,Santa Clara
2017-8-CA-089-17,17,CA-089,40.92602,-121.5935,8,2017,Shasta
2017-8-CA-093-3142,3142,CA-093,41.853,-123.676,8,2017,Siskiyou
2017-8-CA-093-39715,39715,CA-093,42.039,-123.218,8,2017,Siskiyou
2017-8-CA-093-41,41,CA-093,41.99279,-122.9401,8,2017,Siskiyou
2017-8-CA-093-54,54,CA-093,41.222,-122.27499,8,2017,Siskiyou
2017-8-CA-093-55,55,CA-093,41.99483,-121.90077,8,2017,Siskiyou
2017-8-CA-093-78698,78698,CA-093,41.841,-123.474,8,2017,Siskiyou
2017-8-CA-097-18,18,CA-097,38.26294,-122.71998,8,2017,Sonoma
2017-8-CA-103-15,15,CA-103,39.87983,-122.5415,8,2017,Tehama
2017-8-CA-103-40,40,CA-103,40.29831,-122.70449,8,2017,Tehama
2017-8-CA-105-21846,21846,CA-105,40.76025,-123.10003,8,2017,Trinity
2017-8-CA-105-32,32,CA-105,40.79902,-123.39253,8,2017,Trinity
2017-8-CA-105-4736,4736,CA-105,40.17598,-123.36882,8,2017,Trinity
2017-8-CA-107-2295,2295,CA-107,36.257,-118.296,8,2017,Tulare
2017-8-CA-107-36556,36556,CA-107,36.15356,-118.74103,8,2017,Tulare
2017-8-CA-109-20,20,CA-109,37.65986,-120.31157,8,2017,Tuolumne
2017-8-CA-115-867,867,CA-115,39.1234,-121.32957,8,2017,Yuba
2017-9-CA-001-155,155,CA-001,37.63358,-121.49925,9,2017,Alameda
2017-9-CA-001-22,22,CA-001,37.77982,-122.169,9,2017,Alameda
2017-9-CA-007-12,12,CA-007,39.44257,-121.60683,9,2017,Butte
2017-9-CA-007-143,143,CA-007,40.07613,-121.56858,9,2017,Butte
2017-9-CA-007-28,28,CA-007,39.8255,-121.7127,9,2017,Butte
2017-9-CA-015-40,40,CA-015,41.98128,-124.01168,9,2017,Del Norte
2017-9-CA-017-136,136,CA-017,38.5758,-120.915,9,2017,El Dorado
2017-9-CA-019-10,10,CA-019,37.10067,-119.32109,9,2017,Fresno
2017-9-CA-019-100,100,CA-019,36.09486,-120.52189,9,2017,Fresno
2017-9-CA-019-237,237,CA-019,36.24653,-120.31598,9,2017,Fresno
2017-9-CA-029-1319,1319,CA-029,35.76,-118.406,9,2017,Kern
2017-9-CA-029-40,40,CA-029,35.59302,-118.46734,9,2017,Kern
2017-9-CA-033-200,200,CA-033,39.44543,-122.85194,9,2017,Lake
2017-9-CA-033-21,21,CA-033,39.01748,-122.49327,9,2017,Lake
2017-9-CA-033-58,58,CA-033,39.42604,-123.03344,9,2017,Lake
2017-9-CA-037-7194,7194,CA-037,34.22957,-118.2674,9,2017,Los Angeles
2017-9-CA-039-1035,1035,CA-039,37.21616,-119.48067,9,2017,Madera
2017-9-CA-039-429,429,CA-039,37.14624,-120.015509,9,2017,Madera
2017-9-CA-039-48,48,CA-039,36.94652,-120.90462,9,2017,Madera
2017-9-CA-043-0,0,CA-043,37.73596,-119.78256,9,2017,Mariposa
2017-9-CA-043-10,10,CA-043,37.76888,-120.15846,9,2017,Mariposa
2017-9-CA-043-680,680,CA-043,37.37397,-119.83556,9,2017,Mariposa
2017-9-CA-045-146,146,CA-045,39.02482,-123.1362,9,2017,Mendocino
2017-9-CA-053-43,43,CA-053,36.17297,-120.87609,9,2017,Monterey
2017-9-CA-059-2662,2662,CA-059,33.8668,-117.68598,9,2017,Orange
2017-9-CA-063-2575,2575,CA-063,39.75312,-120.75485,9,2017,Plumas
2017-9-CA-063-79,79,CA-063,40.13278,-120.9204,9,2017,Plumas
2017-9-CA-065-34,34,CA-065,33.73547,-117.33364,9,2017,Riverside
2017-9-CA-065-35,35,CA-065,33.74925,-117.10301,9,2017,Riverside
2017-9-CA-065-3874,3874,CA-065,33.97471,-117.09984,9,2017,Riverside
2017-9-CA-073-130,130,CA-073,32.6001,-116.76997,9,2017,San Diego
2017-9-CA-073-25,25,CA-073,32.59252,-116.61609,9,2017,San Diego
2017-9-CA-079-105,105,CA-079,35.3024,-120.65279,9,2017,San Luis Obispo
2017-9-CA-079-120,120,CA-079,35.31886,-120.50886,9,2017,San Luis Obispo
2017-9-CA-079-245,245,CA-079,35.12269,-120.39387,9,2017,San Luis Obispo
2017-9-CA-079-25,25,CA-079,35.76343,-121.04445,9,2017,San Luis Obispo
2017-9-CA-079-74,74,CA-079,35.5956,-120.56068,9,2017,San Luis Obispo
2017-9-CA-081-50,50,CA-081,37.41591,-122.3001,9,2017,San Mateo
2017-9-CA-083-444,444,CA-083,34.67403,-120.4393,9,2017,Santa Barbara
2017-9-CA-085-100,100,CA-085,36.99092,-121.59899,9,2017,Santa Clara
2017-9-CA-089-25,25,CA-089,40.71923,-122.02525,9,2017,Shasta
2017-9-CA-089-995,995,CA-089,40.98352,-121.81623,9,2017,Shasta
2017-9-CA-095-55,55,CA-095,38.4446,-122.0041,9,2017,Solano
2017-9-CA-099-1749,1749,CA-099,38.12,-119.941,9,2017,Stanislaus
2017-9-CA-105-13417,13417,CA-105,40.2275,-123.03583,9,2017,Trinity
2017-9-CA-107-18900,18900,CA-107,36.27138,-118.48555,9,2017,Tulare
2017-9-CA-109-39,39,CA-109,37.896778,-120.504134,9,2017,Tuolumne
2017-9-CA-115-26,26,CA-115,39.03168,-121.40947,9,2017,Yuba
2018-10-CA-007-10,10,CA-007,39.93427,-121.54103,10,2018,Butte
2018-10-CA-007-550,550,CA-007,39.36529,-121.51707,10,2018,Butte
2018-10-CA-019-32,32,CA-019,36.938674,-119.3127769,10,2018,Fresno
2018-10-CA-053-150,150,CA-053,35.97677,-121.24898,10,2018,Monterey
2018-10-CA-053-167,167,CA-053,36.18401,-120.69955,10,2018,Monterey
2018-10-CA-079-58,58,CA-079,35.17693,-120.48861,10,2018,San Luis Obispo
2018-10-CA-085-63,63,CA-085,37.1769444,-121.6869444,10,2018,Santa Clara
2018-10-CA-089-12,12,CA-089,40.49618,-122.51597,10,2018,Shasta
2018-10-CA-089-38,38,CA-089,40.60866,-122.38366,10,2018,Shasta
2018-10-CA-093-15,15,CA-093,41.94046,-122.43933,10,2018,Siskiyou
2018-10-CA-095-160,160,CA-095,38.45673,-121.94658,10,2018,Solano
2018-10-CA-103-3889,3889,CA-103,40.22027778,-122.18,10,2018,Tehama
2018-10-CA-107-120,120,CA-107,36.47766,-119.10433,10,2018,Tulare
2018-11-CA-001-20,20,CA-001,37.61158,-121.94182,11,2018,Alameda
2018-11-CA-007-0,0,CA-007,39.71217,-121.77385,11,2018,Butte
2018-11-CA-007-153336,153336,CA-007,39.8134,-121.4347,11,2018,Butte
2018-11-CA-013-20,20,CA-013,37.81111,-121.7944,11,2018,Contra Costa
2018-11-CA-023-10,10,CA-023,40.888785,-124.001849,11,2018,Humboldt
2018-11-CA-035-88,88,CA-035,40.83116,-120.19336,11,2018,Lassen
2018-11-CA-037-96949,96949,CA-037,34.235,-118.70128,11,2018,Los Angeles
2018-11-CA-045-35,35,CA-045,39.62194,-123.28774,11,2018,Mendocino
2018-11-CA-071-147,147,CA-071,34.18075,-117.43184,11,2018,San Bernardino
2018-11-CA-087-10,10,CA-087,37.12857,-122.12036,11,2018,Santa Cruz
2018-11-CA-087-17,17,CA-087,37.0125,-122.046,11,2018,Santa Cruz
2018-11-CA-095-1500,1500,CA-095,38.21396,-121.9424,11,2018,Solano
2018-11-CA-103-60,60,CA-103,40.346652,-122.308479,11,2018,Tehama
2018-11-CA-111-150,150,CA-111,34.30166667,-119.0991667,11,2018,Ventura
2018-11-CA-111-186,186,CA-111,34.26734825,-118.6438159,11,2018,Ventura
2018-11-CA-111-4531,4531,CA-111,34.22685,-118.93444,11,2018,Ventura
2018-11-CA-111-96949,96949,CA-111,34.235,-118.70128,11,2018,Ventura
2018-2-CA-027-2070,2070,CA-027,37.40208,-118.50235,2,2018,Inyo
2018-2-CA-053-50,50,CA-053,35.96689,-121.28185,2,2018,Monterey
2018-3-CA-083-258,258,CA-083,34.0232,-119.76576,3,2018,Santa Barbara
2018-3-CA-089-11,11,CA-089,40.4635,-121.77419,3,2018,Shasta
2018-4-CA-019-30,30,CA-019,35.92436,-119.94083,4,2018,Fresno
2018-4-CA-023-0,0,CA-023,40.70258,-123.55012,4,2018,Humboldt
2018-4-CA-027-1265,1265,CA-027,36.71537,-118.08449,4,2018,Inyo
2018-4-CA-063-20,20,CA-063,39.89075,-120.18499,4,2018,Plumas
2018-4-CA-065-15,15,CA-065,33.711263,-116.164058,4,2018,Riverside
2018-4-CA-065-18,18,CA-065,33.88744,-117.16232,4,2018,Riverside
2018-4-CA-065-21,21,CA-065,33.86439,-117.48144,4,2018,Riverside
2018-4-CA-065-73,73,CA-065,33.67815,-117.32281,4,2018,Riverside
2018-5-CA-001-12,12,CA-001,37.73835,-121.6039,5,2018,Alameda
2018-5-CA-001-484,484,CA-001,37.75375,-121.57918,5,2018,Alameda
2018-5-CA-019-108,108,CA-019,36.75581,-119.42172,5,2018,Fresno
2018-5-CA-021-75,75,CA-021,39.65578,-122.58666,5,2018,Glenn
2018-5-CA-039-56,56,CA-039,37.0979,-119.75307,5,2018,Madera
2018-5-CA-047-1756,1756,CA-047,36.85156,-120.77206,5,2018,Merced
2018-5-CA-047-88,88,CA-047,37.056944,-121.01638,5,2018,Merced
2018-5-CA-055-12,12,CA-055,38.16303,-122.23059,5,2018,Napa
2018-5-CA-065-10,10,CA-065,33.53924,-116.10231,5,2018,Riverside
2018-5-CA-065-1261,1261,CA-065,33.62924,-117.05992,5,2018,Riverside
2018-5-CA-065-15,15,CA-065,33.467999,-117.003829,5,2018,Riverside
2018-5-CA-065-70,70,CA-065,33.504964,-117.148204,5,2018,Riverside
2018-5-CA-073-12,12,CA-073,33.12213,-116.58759,5,2018,San Diego
2018-5-CA-073-18,18,CA-073,33.40178,-117.27467,5,2018,San Diego
2018-5-CA-073-300,300,CA-073,33.389425,-117.502405,5,2018,San Diego
2018-5-CA-073-59,59,CA-073,33.35505,-117.03134,5,2018,San Diego
2018-5-CA-079-100,100,CA-079,35.56922,-120.12441,5,2018,San Luis Obispo
2018-5-CA-079-25,25,CA-079,35.71859,-120.64028,5,2018,San Luis Obispo
2018-5-CA-083-60,60,CA-083,34.74245,-120.18236,5,2018,Santa Barbara
2018-5-CA-085-16,16,CA-085,37.21803,-121.76828,5,2018,Santa Clara
2018-5-CA-093-127,127,CA-093,41.65935,-122.48556,5,2018,Siskiyou
2018-5-CA-093-27,27,CA-093,41.791859,-122.513883,5,2018,Siskiyou
2018-5-CA-099-63,63,CA-099,37.32744,-121.10903,5,2018,Stanislaus
2018-5-CA-103-103,103,CA-103,40.31759,-122.21032,5,2018,Tehama
2018-5-CA-107-26,26,CA-107,35.826333,-118.9821,5,2018,Tulare
2018-6-CA-001-20,20,CA-001,37.627119,-121.806775,6,2018,Alameda
2018-6-CA-005-17,17,CA-005,38.265645,-120.892404,6,2018,Amador
2018-6-CA-007-10,10,CA-007,39.6139,-121.954098,6,2018,Butte
2018-6-CA-007-20,20,CA-007,39.602703,-121.617698,6,2018,Butte
2018-6-CA-007-347,347,CA-007,39.59872,-121.78208,6,2018,Butte
2018-6-CA-007-40,40,CA-007,39.549167,-121.521111,6,2018,Butte
2018-6-CA-009-80,80,CA-009,37.95766,-120.68902,6,2018,Calaveras
2018-6-CA-013-23,23,CA-013,37.99113,-121.86473,6,2018,Contra Costa
2018-6-CA-013-25,25,CA-013,38.015323,-121.998967,6,2018,Contra Costa
2018-6-CA-013-268,268,CA-013,37.94714,-121.9921,6,2018,Contra Costa
2018-6-CA-013-40,40,CA-013,37.779209,-121.908976,6,2018,Contra Costa
2018-6-CA-019-13,13,CA-019,36.10499,-120.55324,6,2018,Fresno
2018-6-CA-019-76,76,CA-019,36.696879,-119.304499,6,2018,Fresno
2018-6-CA-021-127,127,CA-021,39.46543,-122.65582,6,2018,Glenn
2018-6-CA-021-2290,2290,CA-021,39.64978,-122.58218,6,2018,Glenn
2018-6-CA-029-95,95,CA-029,35.1234,-118.72905,6,2018,Kern
2018-6-CA-033-15185,15185,CA-033,39.0674,-122.59848,6,2018,Lake
2018-6-CA-033-32,32,CA-033,38.886518,-122.476381,6,2018,Lake
2018-6-CA-035-441,441,CA-035,40.316137,-120.45053,6,2018,Lassen
2018-6-CA-035-646,646,CA-035,40.3768,-120.36403,6,2018,Lassen
2018-6-CA-037-1352,1352,CA-037,34.5486,-118.31138,6,2018,Los Angeles
2018-6-CA-037-175,175,CA-037,37.97638,-122.5275,6,2018,Los Angeles
2018-6-CA-037-20,20,CA-037,34.110516,-118.427886,6,2018,Los Angeles
2018-6-CA-037-62,62,CA-037,34.53765,-118.75495,6,2018,Los Angeles
2018-6-CA-039-300,300,CA-039,37.10181,-119.623981,6,2018,Madera
2018-6-CA-039-4064,4064,CA-039,37.571,-119.118,6,2018,Madera
2018-6-CA-039-60,60,CA-039,37.14663,-119.91223,6,2018,Madera
2018-6-CA-041-12,12,CA-041,37.97638,-122.5275,6,2018,Marin
2018-6-CA-043-115,115,CA-043,37.707234,-120.199162,6,2018,Mariposa
2018-6-CA-043-53,53,CA-043,37.47677,-119.84299,6,2018,Mariposa
2018-6-CA-047-185,185,CA-047,37.05876,-121.176354,6,2018,Merced
2018-6-CA-047-200,200,CA-047,37.33924,-120.24315,6,2018,Merced
2018-6-CA-047-4564,4564,CA-047,37.39339,-120.34207,6,2018,Merced
2018-6-CA-047-68,68,CA-047,37.08529,-121.09354,6,2018,Merced
2018-6-CA-053-10,10,CA-053,35.77017,-120.57833,6,2018,Monterey
2018-6-CA-053-375,375,CA-053,35.95515,-120.86256,6,2018,Monterey
2018-6-CA-053-96,96,CA-053,35.9352,-121.11936,6,2018,Monterey
2018-6-CA-055-90288,90288,CA-055,38.80583,-122.18183,6,2018,Napa
2018-6-CA-059-155,155,CA-059,33.787838,-117.746625,6,2018,Orange
2018-6-CA-059-175,175,CA-059,33.55132,-117.72044,6,2018,Orange
2018-6-CA-065-10,10,CA-065,33.45014,-117.22215,6,2018,Riverside
2018-6-CA-065-11,11,CA-065,33.47413,-117.31468,6,2018,Riverside
2018-6-CA-065-154,154,CA-065,33.925862,-117.654299,6,2018,Riverside
2018-6-CA-065-17,17,CA-065,33.742,-117.28189,6,2018,Riverside
2018-6-CA-065-20,20,CA-065,33.524412,-116.821724,6,2018,Riverside
2018-6-CA-067-30,30,CA-067,38.595865,-121.17693,6,2018,Sacramento
2018-6-CA-069-1314,1314,CA-069,36.40755,-120.99322,6,2018,San Benito
2018-6-CA-069-215,215,CA-069,36.37532,-120.862579,6,2018,San Benito
2018-6-CA-069-35,35,CA-069,36.83036,-121.36446,6,2018,San Benito
2018-6-CA-069-513,513,CA-069,36.378333,-120.901167,6,2018,San Benito
2018-6-CA-069-64,64,CA-069,36.64832,-121.03253,6,2018,San Benito
2018-6-CA-071-33,33,CA-071,34.17711,-117.15381,6,2018,San Bernardino
2018-6-CA-073-10,10,CA-073,32.75072,-116.92404,6,2018,San Diego
2018-6-CA-073-12,12,CA-073,33.40769,-117.22974,6,2018,San Diego
2018-6-CA-073-265,265,CA-073,32.63046,-116.46674,6,2018,San Diego
2018-6-CA-073-38,38,CA-073,32.78031,-117.06782,6,2018,San Diego
2018-6-CA-077-12300,12300,CA-077,38.052055,-120.945482,6,2018,San Joaquin
2018-6-CA-077-62,62,CA-077,38.24033,-121.09199,6,2018,San Joaquin
2018-6-CA-079-10,10,CA-079,35.05747,-120.39295,6,2018,San Luis Obispo
2018-6-CA-079-12,12,CA-079,35.75737,-120.91793,6,2018,San Luis Obispo
2018-6-CA-079-1500,1500,CA-079,35.73629,-120.75593,6,2018,San Luis Obispo
2018-6-CA-079-260,260,CA-079,35.33916,-120.71488,6,2018,San Luis Obispo
2018-6-CA-079-60,60,CA-079,35.663607,-120.670311,6,2018,San Luis Obispo
2018-6-CA-085-70,70,CA-085,37.66074,-121.67144,6,2018,Santa Clara
2018-6-CA-089-1678,1678,CA-089,40.50318,-122.42308,6,2018,Shasta
2018-6-CA-089-328,328,CA-089,40.52909,-122.17457,6,2018,Shasta
2018-6-CA-093-12,12,CA-093,41.64805,-122.98442,6,2018,Siskiyou
2018-6-CA-093-37,37,CA-093,41.58233,-122.33769,6,2018,Siskiyou
2018-6-CA-093-63,63,CA-093,41.83359,-122.99272,6,2018,Siskiyou
2018-6-CA-097-10,10,CA-097,38.245151,-122.44408,6,2018,Sonoma
2018-6-CA-103-10,10,CA-103,39.80827,-122.3307,6,2018,Tehama
2018-6-CA-103-170,170,CA-103,40.12791,-122.19792,6,2018,Tehama
2018-6-CA-103-23,23,CA-103,40.201826,-122.29388,6,2018,Tehama
2018-6-CA-103-268,268,CA-103,40.18395,-122.27574,6,2018,Tehama
2018-6-CA-103-2956,2956,CA-103,39.94355,-122.3571,6,2018,Tehama
2018-6-CA-103-3716,3716,CA-103,40.35068,-121.77867,6,2018,Tehama
2018-6-CA-103-70,70,CA-103,40.394073,-122.135924,6,2018,Tehama
2018-6-CA-105-300,300,CA-105,40.60402,-122.9144,6,2018,Trinity
2018-6-CA-109-163,163,CA-109,37.80785,-120.30187,6,2018,Tuolumne
2018-6-CA-113-14,14,CA-113,38.64953,-122.01762,6,2018,Yolo
2018-6-CA-113-90288,90288,CA-113,38.80583,-122.18183,6,2018,Yolo
2018-7-CA-001-34,34,CA-001,37.71173,-121.55604,7,2018,Alameda
2018-7-CA-001-640,640,CA-001,37.75646,-121.60646,7,2018,Alameda
2018-7-CA-005-825,825,CA-005,38.42623,-120.95408,7,2018,Amador
2018-7-CA-007-11,11,CA-007,39.66492,-121.51772,7,2018,Butte
2018-7-CA-007-191,191,CA-007,39.491737,-121.637759,7,2018,Butte
2018-7-CA-007-43,43,CA-007,39.57202,-121.43131,7,2018,Butte
2018-7-CA-007-962,962,CA-007,39.77124,-121.76859,7,2018,Butte
2018-7-CA-011-410203,410203,CA-011,39.243283,-123.103367,7,2018,Colusa
2018-7-CA-011-48920,48920,CA-011,39.04786,-123.11971,7,2018,Colusa
2018-7-CA-011-75,75,CA-011,39.2976,-122.512012,7,2018,Colusa
2018-7-CA-013-247,247,CA-013,37.89612,-121.85847,7,2018,Contra Costa
2018-7-CA-013-45,45,CA-013,37.86339,-122.12351,7,2018,Contra Costa
2018-7-CA-013-56,56,CA-013,37.79718,-121.85311,7,2018,Contra Costa
2018-7-CA-017-316,316,CA-017,38.539806,-121.059979,7,2018,El Dorado
2018-7-CA-021-410203,410203,CA-021,39.243283,-123.103367,7,2018,Glenn
2018-7-CA-023-16,16,CA-023,41.34453,-123.85404,7,2018,Humboldt
2018-7-CA-027-2883,2883,CA-027,36.6734,-118.21881,7,2018,Inyo
2018-7-CA-027-338,338,CA-027,37.735461,-118.970443,7,2018,Inyo
2018-7-CA-029-62,62,CA-029,34.86022,-118.87881,7,2018,Kern
2018-7-CA-029-993,993,CA-029,35.387408,-118.817934,7,2018,Kern
2018-7-CA-033-410203,410203,CA-033,39.243283,-123.103367,7,2018,Lake
2018-7-CA-033-48920,48920,CA-033,39.04786,-123.11971,7,2018,Lake
2018-7-CA-033-50,50,CA-033,38.91152,-122.86854,7,2018,Lake
2018-7-CA-033-80,80,CA-033,39.06715,-122.59789,7,2018,Lake
2018-7-CA-035-14,14,CA-035,39.99309,-120.02137,7,2018,Lassen
2018-7-CA-035-167,167,CA-035,40.34822,-120.82497,7,2018,Lassen
2018-7-CA-035-18703,18703,CA-035,40.633536,-120.868091,7,2018,Lassen
2018-7-CA-035-32,32,CA-035,41.08583,-121.05722,7,2018,Lassen
2018-7-CA-035-56,56,CA-035,40.95234,-121.21597,7,2018,Lassen
2018-7-CA-035-89,89,CA-035,40.94666,-121.27049,7,2018,Lassen
2018-7-CA-037-128,128,CA-037,34.38039,-118.60441,7,2018,Los Angeles
2018-7-CA-039-11,11,CA-039,37.19817,-119.80414,7,2018,Madera
2018-7-CA-039-12,12,CA-039,37.22791,-119.50461,7,2018,Madera
2018-7-CA-043-40,40,CA-043,37.28365,-119.97546,7,2018,Mariposa
2018-7-CA-043-96901,96901,CA-043,37.6549,-119.88581,7,2018,Mariposa
2018-7-CA-045-410203,410203,CA-045,39.243283,-123.103367,7,2018,Mendocino
2018-7-CA-045-48920,48920,CA-045,39.04786,-123.11971,7,2018,Mendocino
2018-7-CA-045-67,67,CA-045,39.279833,-123.258319,7,2018,Mendocino
2018-7-CA-045-90,90,CA-045,39.038859,-123.38493,7,2018,Mendocino
2018-7-CA-045-972,972,CA-045,39.82877,-123.08489,7,2018,Mendocino
2018-7-CA-049-2100,2100,CA-049,41.29363,-120.11461,7,2018,Modoc
2018-7-CA-049-52,52,CA-049,41.50105,-120.61108,7,2018,Modoc
2018-7-CA-055-135,135,CA-055,38.51943,-122.18353,7,2018,Napa
2018-7-CA-065-205,205,CA-065,33.571763,-116.500058,7,2018,Riverside
2018-7-CA-065-282,282,CA-065,33.836101,-117.607577,7,2018,Riverside
2018-7-CA-065-30,30,CA-065,33.85852,-117.43521,7,2018,Riverside
2018-7-CA-065-40,40,CA-065,33.56921,-116.154398,7,2018,Riverside
2018-7-CA-065-63,63,CA-065,33.56349,-116.732032,7,2018,Riverside
2018-7-CA-069-116,116,CA-069,36.59036,-120.82355,7,2018,San Benito
2018-7-CA-069-278,278,CA-069,36.65351,-121.0454,7,2018,San Benito
2018-7-CA-069-39,39,CA-069,36.796,-121.40604,7,2018,San Benito
2018-7-CA-071-100,100,CA-071,34.22526,-117.40967,7,2018,San Bernardino
2018-7-CA-071-12,12,CA-071,34.171786,-117.35606,7,2018,San Bernardino
2018-7-CA-071-1350,1350,CA-071,34.095568,-116.958806,7,2018,San Bernardino
2018-7-CA-073-10,10,CA-073,32.619855,-116.764733,7,2018,San Diego
2018-7-CA-073-13,13,CA-073,33.04898,-116.78928,7,2018,San Diego
2018-7-CA-073-207,207,CA-073,33.41476,-117.24044,7,2018,San Diego
2018-7-CA-073-28,28,CA-073,32.557566,-116.8663,7,2018,San Diego
2018-7-CA-073-365,365,CA-073,33.07892,-116.91845,7,2018,San Diego
2018-7-CA-073-504,504,CA-073,32.833674,-116.7311,7,2018,San Diego
2018-7-CA-079-14,14,CA-079,35.70086,-120.97339,7,2018,San Luis Obispo
2018-7-CA-079-30,30,CA-079,35.68539,-120.95157,7,2018,San Luis Obispo
2018-7-CA-079-37,37,CA-079,35.64917,-120.71907,7,2018,San Luis Obispo
2018-7-CA-083-110,110,CA-083,34.62412,-120.22298,7,2018,Santa Barbara
2018-7-CA-083-113,113,CA-083,34.463889,-119.831389,7,2018,Santa Barbara
2018-7-CA-083-77,77,CA-083,34.54305556,-120.3180556,7,2018,Santa Barbara
2018-7-CA-085-116,116,CA-085,37.06367,-121.53586,7,2018,Santa Clara
2018-7-CA-085-20,20,CA-085,37.07793,-121.600023,7,2018,Santa Clara
2018-7-CA-085-320,320,CA-085,37.449425,-121.88807,7,2018,Santa Clara
2018-7-CA-085-51,51,CA-085,37.163594,-121.702547,7,2018,Santa Clara
2018-7-CA-085-70,70,CA-085,37.22545,-121.79189,7,2018,Santa Clara
2018-7-CA-089-229651,229651,CA-089,40.65428,-122.62357,7,2018,Shasta
2018-7-CA-089-31,31,CA-089,40.62693,-122.23449,7,2018,Shasta
2018-7-CA-089-35,35,CA-089,40.95673,-121.6002,7,2018,Shasta
2018-7-CA-089-51,51,CA-089,40.824,-121.90215,7,2018,Shasta
2018-7-CA-089-63,63,CA-089,40.741186,-122.649626,7,2018,Shasta
2018-7-CA-093-10,10,CA-093,41.632373,-122.37985,7,2018,Siskiyou
2018-7-CA-093-215,215,CA-093,41.085,-123.051,7,2018,Siskiyou
2018-7-CA-093-224,224,CA-093,41.70877,-122.47293,7,2018,Siskiyou
2018-7-CA-093-38008,38008,CA-093,41.893332,-122.534655,7,2018,Siskiyou
2018-7-CA-101-1200,1200,CA-101,39.186144,-121.792885,7,2018,Sutter
2018-7-CA-103-33,33,CA-103,40.00293,-122.44008,7,2018,Tehama
2018-7-CA-103-50,50,CA-103,40.27754,-122.11375,7,2018,Tehama
2018-7-CA-103-856,856,CA-103,40.33682,-121.93908,7,2018,Tehama
2018-7-CA-105-229651,229651,CA-105,40.65428,-122.62357,7,2018,Trinity
2018-7-CA-107-100,100,CA-107,36.21634,-118.82989,7,2018,Tulare
2018-7-CA-107-34,34,CA-107,36.42638,-118.70443,7,2018,Tulare
2018-7-CA-113-822,822,CA-113,38.59694444,-121.9938889,7,2018,Yolo
2018-8-CA-001-30,30,CA-001,37.533026,-121.79733,8,2018,Alameda
2018-8-CA-001-48,48,CA-001,37.69926,-122.02805,8,2018,Alameda
2018-8-CA-009-136,136,CA-009,38.08424,-120.46078,8,2018,Calaveras
2018-8-CA-009-290,290,CA-009,38.061298,-120.872244,8,2018,Calaveras
2018-8-CA-013-30,30,CA-013,37.99618,-122.14097,8,2018,Contra Costa
2018-8-CA-017-66,66,CA-017,38.82128,-121.03918,8,2018,El Dorado
2018-8-CA-017-67,67,CA-017,38.645,-120.874167,8,2018,El Dorado
2018-8-CA-023-3674,3674,CA-023,41.07944,-123.688056,8,2018,Humboldt
2018-8-CA-029-114,114,CA-029,35.56888889,-118.8013889,8,2018,Kern
2018-8-CA-029-2950,2950,CA-029,35.37444,-118.83556,8,2018,Kern
2018-8-CA-029-34,34,CA-029,35.17156,-118.51651,8,2018,Kern
2018-8-CA-029-367,367,CA-029,35.51777778,-118.6525,8,2018,Kern
2018-8-CA-031-2995,2995,CA-031,35.97896,-119.98329,8,2018,Kings
2018-8-CA-033-103,103,CA-033,39.02017,-122.57496,8,2018,Lake
2018-8-CA-033-60,60,CA-033,38.8275,-122.3625,8,2018,Lake
2018-8-CA-039-289,289,CA-039,37.197039,-120.002619,8,2018,Madera
2018-8-CA-039-88,88,CA-039,37.179167,-119.431667,8,2018,Madera
2018-8-CA-043-22,22,CA-043,37.69965,-120.0545,8,2018,Mariposa
2018-8-CA-045-106,106,CA-045,38.8802,-123.0496,8,2018,Mendocino
2018-8-CA-049-39387,39387,CA-049,41.38544,-121.04386,8,2018,Modoc
2018-8-CA-053-2225,2225,CA-053,35.847778,-120.343056,8,2018,Monterey
2018-8-CA-053-650,650,CA-053,36.00912,-120.82226,8,2018,Monterey
2018-8-CA-055-10,10,CA-055,38.27229,-122.26389,8,2018,Napa
2018-8-CA-057-16,16,CA-057,39.10494,-121.07039,8,2018,Nevada
2018-8-CA-059-23136,23136,CA-059,33.69888,-117.52055,8,2018,Orange
2018-8-CA-061-700,700,CA-061,38.82426,-121.451307,8,2018,Placer
2018-8-CA-063-117,117,CA-063,39.996944,-121.27,8,2018,Plumas
2018-8-CA-065-10,10,CA-065,33.627006,-117.171731,8,2018,Riverside
2018-8-CA-065-23,23,CA-065,33.946896,-117.066643,8,2018,Riverside
2018-8-CA-065-32,32,CA-065,33.97902,-117.20534,8,2018,Riverside
2018-8-CA-065-35,35,CA-065,33.759722,-117.460278,8,2018,Riverside
2018-8-CA-065-36,36,CA-065,33.640051,-117.085354,8,2018,Riverside
2018-8-CA-071-125,125,CA-071,34.15475,-117.244366,8,2018,San Bernardino
2018-8-CA-073-100,100,CA-073,33.0971179,-117.0242529,8,2018,San Diego
2018-8-CA-073-14,14,CA-073,33.05737,-116.77154,8,2018,San Diego
2018-8-CA-073-250,250,CA-073,33.076239,-116.902985,8,2018,San Diego
2018-8-CA-083-1014,1014,CA-083,35.11416667,-120.0922222,8,2018,Santa Barbara
2018-8-CA-089-155,155,CA-089,40.36888889,-122.8905556,8,2018,Shasta
2018-8-CA-089-1900,1900,CA-089,40.99344,-121.52225,8,2018,Shasta
2018-8-CA-089-46150,46150,CA-089,40.896,-122.219,8,2018,Shasta
2018-8-CA-095-2162,2162,CA-095,38.431278,-122.043747,8,2018,Solano
2018-8-CA-107-668,668,CA-107,35.79012,-118.7393,8,2018,Tulare
2018-8-CA-109-36450,36450,CA-109,38.349,-119.929,8,2018,Tuolumne
2018-9-CA-007-33,33,CA-007,39.84151,-121.62168,9,2018,Butte
2018-9-CA-017-12,12,CA-017,38.7448,-120.65672,9,2018,El Dorado
2018-9-CA-017-150,150,CA-017,38.94388,-120.92611,9,2018,El Dorado
2018-9-CA-029-200,200,CA-029,34.91482,-118.92485,9,2018,Kern
2018-9-CA-033-24,24,CA-033,38.91842,-122.85276,9,2018,Lake
2018-9-CA-033-36,36,CA-033,38.981389,-122.97222,9,2018,Lake
2018-9-CA-035-53,53,CA-035,40.33642,-120.93005,9,2018,Lassen
2018-9-CA-037-166,166,CA-037,34.2325,-117.846111,9,2018,Los Angeles
2018-9-CA-037-3380,3380,CA-037,34.48229,-118.60858,9,2018,Los Angeles
2018-9-CA-039-360,360,CA-039,37.38789,-119.68912,9,2018,Madera
2018-9-CA-041-152,152,CA-041,38.02447,-122.727,9,2018,Marin
2018-9-CA-049-15,15,CA-049,41.52123,-120.72362,9,2018,Modoc
2018-9-CA-051-6974,6974,CA-051,38.347395,-119.45186,9,2018,Mono
2018-9-CA-053-400,400,CA-053,36.35502,-121.1563,9,2018,Monterey
2018-9-CA-055-2490,2490,CA-055,38.69601,-122.44468,9,2018,Napa
2018-9-CA-061-1120,1120,CA-061,39.268611,-120.658333,9,2018,Placer
2018-9-CA-065-25,25,CA-065,33.80406,-116.93188,9,2018,Riverside
2018-9-CA-071-53,53,CA-071,34.24138,-117.42431,9,2018,San Bernardino
2018-9-CA-079-51,51,CA-079,35.30151,-120.64398,9,2018,San Luis Obispo
2018-9-CA-079-80,80,CA-079,-120.258,-120.258,9,2018,San Luis Obispo
2018-9-CA-083-172,172,CA-083,34.576944,-119.61416,9,2018,Santa Barbara
2018-9-CA-085-30,30,CA-085,37.33563,-121.75815,9,2018,Santa Clara
2018-9-CA-089-13,13,CA-089,40.678889,-122.400556,9,2018,Shasta
2018-9-CA-089-63311,63311,CA-089,40.9425,-122.43,9,2018,Shasta
2018-9-CA-089-76,76,CA-089,40.5939,-122.17173,9,2018,Shasta
2018-9-CA-103-261,261,CA-103,40.34256,-121.43025,9,2018,Tehama
2018-9-CA-105-1751,1751,CA-105,40.616251,-123.52019,9,2018,Trinity
2018-9-CA-105-63311,63311,CA-105,40.9425,-122.43,9,2018,Trinity
2018-9-CA-109-573,573,CA-109,37.83388,-120.61746,9,2018,Tuolumne
2019-10-CA-001-12,12,CA-001,37.606,-121.853,10,2019,Alameda
2019-10-CA-001-35,35,CA-001,37.62782,-121.68598,10,2019,Alameda
2019-10-CA-007-80,80,CA-007,39.551423,-121.800538,10,2019,Butte
2019-10-CA-013-15,15,CA-013,38.045866,-122.245186,10,2019,Contra Costa
2019-10-CA-013-150,150,CA-013,38.03545,-122.2241,10,2019,Contra Costa
2019-10-CA-013-200,200,CA-013,37.99136,-121.64118,10,2019,Contra Costa
2019-10-CA-013-40,40,CA-013,37.828267,-122.103867,10,2019,Contra Costa
2019-10-CA-013-50,50,CA-013,37.97911,-122.11092,10,2019,Contra Costa
2019-10-CA-017-3435,3435,CA-017,38.724,-120.145,10,2019,El Dorado
2019-10-CA-019-137,137,CA-019,36.319291,-120.460189,10,2019,Fresno
2019-10-CA-021-63,63,CA-021,41.70611111,-123.4375,10,2019,Glenn
2019-10-CA-033-25,25,CA-033,38.88913,-122.604425,10,2019,Lake
2019-10-CA-035-55,55,CA-035,40.387772,-120.304341,10,2019,Lassen
2019-10-CA-037-42,42,CA-037,34.055768,-118.554091,10,2019,Los Angeles
2019-10-CA-037-4615,4615,CA-037,34.472778,-118.368056,10,2019,Los Angeles
2019-10-CA-037-745,745,CA-037,34.098191,-118.478717,10,2019,Los Angeles
2019-10-CA-037-8799,8799,CA-037,34.32988,-118.48161,10,2019,Los Angeles
2019-10-CA-041-67,67,CA-041,37.896231,-122.636471,10,2019,Marin
2019-10-CA-043-5563,5563,CA-043,37.604638,-119.96606,10,2019,Mariposa
2019-10-CA-045-10,10,CA-045,39.613783,-123.458782,10,2019,Mendocino
2019-10-CA-045-703,703,CA-045,39.22431,-123.12887,10,2019,Mendocino
2019-10-CA-053-289,289,CA-053,35.79069,-120.73102,10,2019,Monterey
2019-10-CA-055-526,526,CA-055,38.165873,-122.211671,10,2019,Napa
2019-10-CA-065-1011,1011,CA-065,33.9925,-117.059167,10,2019,Riverside
2019-10-CA-065-328,328,CA-065,33.985972,-117.414111,10,2019,Riverside
2019-10-CA-065-350,350,CA-065,33.975405,-117.207068,10,2019,Riverside
2019-10-CA-065-494,494,CA-065,34.01778,-117.4625,10,2019,Riverside
2019-10-CA-065-75,75,CA-065,33.8615,-116.897333,10,2019,Riverside
2019-10-CA-065-9,9,CA-065,33.827979,-117.499619,10,2019,Riverside
2019-10-CA-071-11,11,CA-071,34.033117,-117.21545,10,2019,San Bernardino
2019-10-CA-071-145,145,CA-071,34.183624,-117.274276,10,2019,San Bernardino
2019-10-CA-071-200,200,CA-071,34.183,-117.285,10,2019,San Bernardino
2019-10-CA-073-10,10,CA-073,32.762706,-117.097441,10,2019,San Diego
2019-10-CA-073-37,37,CA-073,33.259861,-117.027333,10,2019,San Diego
2019-10-CA-073-50,50,CA-073,32.564583,-116.834583,10,2019,San Diego
2019-10-CA-073-97,97,CA-073,33.055124,-116.742508,10,2019,San Diego
2019-10-CA-079-289,289,CA-079,35.79069,-120.73102,10,2019,San Luis Obispo
2019-10-CA-079-30,30,CA-079,35.709176,-120.312856,10,2019,San Luis Obispo
2019-10-CA-079-52,52,CA-079,35.189783,-120.1755,10,2019,San Luis Obispo
2019-10-CA-081-62,62,CA-081,37.166674,-122.361112,10,2019,San Mateo
2019-10-CA-083-420,420,CA-083,34.484722,-120.190833,10,2019,Santa Barbara
2019-10-CA-085-29,29,CA-085,37.066483,-121.219163,10,2019,Santa Clara
2019-10-CA-089-42,42,CA-089,40.4988,-122.19911,10,2019,Shasta
2019-10-CA-095-140,140,CA-095,38.07205,-122.22463,10,2019,Solano
2019-10-CA-097-77758,77758,CA-097,38.792458,-122.780053,10,2019,Sonoma
2019-10-CA-099-18,18,CA-099,37.429506,-121.336465,10,2019,Stanislaus
2019-10-CA-103-10,10,CA-103,39.847708,-122.160416,10,2019,Tehama
2019-10-CA-103-11,11,CA-103,40.314187,-122.070055,10,2019,Tehama
2019-10-CA-103-605,605,CA-103,40.00171,-122.25421,10,2019,Tehama
2019-10-CA-103-68,68,CA-103,39.847708,-122.1604,10,2019,Tehama
2019-10-CA-111-1806,1806,CA-111,34.282179,-118.803389,10,2019,Ventura
2019-10-CA-111-200,200,CA-111,34.23955,-119.20187,10,2019,Ventura
2019-10-CA-111-91,91,CA-111,34.156389,-118.950833,10,2019,Ventura
2019-10-CA-111-9999,9999,CA-111,34.302212,-118.997115,10,2019,Ventura
2019-11-CA-033-75,75,CA-033,39.100408,-122.496548,11,2019,Lake
2019-11-CA-061-355,355,CA-061,38.838992,-121.325842,11,2019,Placer
2019-11-CA-065-19,19,CA-065,33.849906,-117.461363,11,2019,Riverside
2019-11-CA-083-3126,3126,CA-083,34.5025,-119.785,11,2019,Santa Barbara
2019-11-CA-103-2534,2534,CA-103,40.036379,-122.637837,11,2019,Tehama
2019-1-CA-023-30,30,CA-023,40.61805556,-123.6755556,1,2019,Humboldt
2019-4-CA-007-10,10,CA-007,39.83958,-121.957,4,2019,Butte
2019-4-CA-029-115,115,CA-029,35.65189,-118.92545,4,2019,Kern
2019-4-CA-031-161,161,CA-031,35.81778,-120.09715,4,2019,Kings
2019-5-CA-007-50,50,CA-007,39.85484,-121.905,5,2019,Butte
2019-5-CA-019-121,121,CA-019,36.66909,-119.3046,5,2019,Fresno
2019-5-CA-029-172,172,CA-029,35.03855,-119.19454,5,2019,Kern
2019-5-CA-029-2500,2500,CA-029,35.72057,-119.62762,5,2019,Kern
2019-5-CA-061-65,65,CA-061,39.11536,-120.76088,5,2019,Placer
2019-5-CA-065-130,130,CA-065,33.650237,-116.172534,5,2019,Riverside
2019-5-CA-065-26,26,CA-065,33.81678,-117.18194,5,2019,Riverside
2019-5-CA-065-45,45,CA-065,33.69078,-114.57265,5,2019,Riverside
2019-5-CA-065-55,55,CA-065,33.57039,-116.1466,5,2019,Riverside
2019-5-CA-073-22,22,CA-073,32.557566,-116.8663,5,2019,San Diego
2019-5-CA-079-835,835,CA-079,35.30759,-119.96498,5,2019,San Luis Obispo
2019-5-CA-085-144,144,CA-085,37.45899,-121.22093,5,2019,Santa Clara
2019-5-CA-103-63,63,CA-103,39.98097,-122.30737,5,2019,Tehama
2019-6-CA-001-30,30,CA-001,37.75427,-121.57382,6,2019,Alameda
2019-6-CA-007-12,12,CA-007,39.32889,-121.23431,6,2019,Butte
2019-6-CA-007-17,17,CA-007,39.76242,-121.73659,6,2019,Butte
2019-6-CA-013-23,23,CA-013,38.02503,-121.9763,6,2019,Contra Costa
2019-6-CA-047-210,210,CA-047,37.312877,-120.242411,6,2019,Merced
2019-6-CA-053-2546,2546,CA-053,36.28426,-120.94771,6,2019,Monterey
2019-6-CA-053-43,43,CA-053,35.97059,-120.88241,6,2019,Monterey
2019-6-CA-055-50,50,CA-055,38.63047,-122.47282,6,2019,Napa
2019-6-CA-057-2,2,CA-057,39.40972222,-121.0005556,6,2019,Nevada
2019-6-CA-061-148,148,CA-061,38.73817,-121.39419,6,2019,Placer
2019-6-CA-061-27,27,CA-061,38.75263,-121.39259,6,2019,Placer
2019-6-CA-065-20,20,CA-065,33.80493,-117.15738,6,2019,Riverside
2019-6-CA-065-214,214,CA-065,33.911,-116.980528,6,2019,Riverside
2019-6-CA-065-525,525,CA-065,33.919507,-117.103765,6,2019,Riverside
2019-6-CA-073-120,120,CA-073,33.39684,-117.29665,6,2019,San Diego
2019-6-CA-073-15,15,CA-073,33.30267,-116.97772,6,2019,San Diego
2019-6-CA-073-28,28,CA-073,32.62305556,-116.9141667,6,2019,San Diego
2019-6-CA-079-1127,1127,CA-079,35.343761,-119.913717,6,2019,San Luis Obispo
2019-6-CA-079-120,120,CA-079,35.57376,-120.11738,6,2019,San Luis Obispo
2019-6-CA-079-1764,1764,CA-079,35.66318,-120.41128,6,2019,San Luis Obispo
2019-6-CA-085-17,17,CA-085,37.494136,-121.534827,6,2019,Santa Clara
2019-6-CA-085-210,210,CA-085,37.21638,-121.70768,6,2019,Santa Clara
2019-6-CA-085-35,35,CA-085,37.44422,-121.84082,6,2019,Santa Clara
2019-6-CA-089-90,90,CA-089,40.41404,-122.66779,6,2019,Shasta
2019-6-CA-093-10,10,CA-093,41.94622,-122.40157,6,2019,Siskiyou
2019-6-CA-093-17,17,CA-093,41.64895,-122.35962,6,2019,Siskiyou
2019-6-CA-093-207,207,CA-093,39.28926,-121.85906,6,2019,Siskiyou
2019-6-CA-095-24,24,CA-095,38.21416,-122.12214,6,2019,Solano
2019-6-CA-099-2422,2422,CA-099,37.46577,-121.28312,6,2019,Stanislaus
2019-6-CA-099-600,600,CA-099,37.25988,-121.09375,6,2019,Stanislaus
2019-6-CA-101-1350,1350,CA-101,39.28926,-121.85906,6,2019,Sutter
2019-6-CA-103-46,46,CA-103,39.97083,-122.48277,6,2019,Tehama
2019-6-CA-107-155,155,CA-107,36.28001,-119.10974,6,2019,Tulare
2019-6-CA-107-25,25,CA-107,36.14246,-118.80582,6,2019,Tulare
2019-6-CA-107-257,257,CA-107,36.18479,-118.99229,6,2019,Tulare
2019-6-CA-107-33,33,CA-107,36.23012,-118.85712,6,2019,Tulare
2019-6-CA-107-47,47,CA-107,35.89593,-118.94106,6,2019,Tulare
2019-6-CA-113-2512,2512,CA-113,38.88978,-122.23922,6,2019,Yolo
2019-6-CA-115-70,70,CA-115,39.15641,-121.56363,6,2019,Yuba
2019-6-CA-115-80,80,CA-115,39.24678,-121.32399,6,2019,Yuba
2019-7-CA-001-22,22,CA-001,37.093243,-121.586846,7,2019,Alameda
2019-7-CA-001-25,25,CA-001,37.469,-121.3697,7,2019,Alameda
2019-7-CA-007-10,10,CA-007,39.423833,-121.579738,7,2019,Butte
2019-7-CA-009-27,27,CA-009,38.115224,-120.78068,7,2019,Calaveras
2019-7-CA-013-24,24,CA-013,37.99837,-122.16201,7,2019,Contra Costa
2019-7-CA-017-13,13,CA-017,38.757636,-120.75664,7,2019,El Dorado
2019-7-CA-029-208,208,CA-029,34.9008333,-118.9183333,7,2019,Kern
2019-7-CA-029-448,448,CA-029,35.60989,-118.41204,7,2019,Kern
2019-7-CA-035-193,193,CA-035,40.072739,-120.158273,7,2019,Lassen
2019-7-CA-035-263,263,CA-035,40.679318,-120.392768,7,2019,Lassen
2019-7-CA-039-213,213,CA-039,37.016944,-119.934167,7,2019,Madera
2019-7-CA-043-149,149,CA-043,37.241427,-120.027731,7,2019,Mariposa
2019-7-CA-043-244,244,CA-043,37.524378,-120.296551,7,2019,Mariposa
2019-7-CA-045-130,130,CA-045,39.831762,-123.846013,7,2019,Mendocino
2019-7-CA-049-128,128,CA-049,41.909,-120.306,7,2019,Modoc
2019-7-CA-049-14217,14217,CA-049,41.79591,-121.260305,7,2019,Modoc
2019-7-CA-053-190,190,CA-053,35.95191,-120.8092,7,2019,Monterey
2019-7-CA-053-280,280,CA-053,36.008889,-121.466944,7,2019,Monterey
2019-7-CA-053-316,316,CA-053,35.908333,-120.984167,7,2019,Monterey
2019-7-CA-055-64,64,CA-055,38.481258,-122.143942,7,2019,Napa
2019-7-CA-065-20,20,CA-065,33.69055556,-116.953889,7,2019,Riverside
2019-7-CA-065-80,80,CA-065,33.56938,-116.07896,7,2019,Riverside
2019-7-CA-065-81,81,CA-065,33.514658,-116.7884,7,2019,Riverside
2019-7-CA-065-96,96,CA-065,33.8128372,-117.1228851,7,2019,Riverside
2019-7-CA-071-156,156,CA-071,33.997528,-117.769766,7,2019,San Bernardino
2019-7-CA-071-81,81,CA-071,34.42386,-117.10318,7,2019,San Bernardino
2019-7-CA-073-100,100,CA-073,32.566389,-116.7525,7,2019,San Diego
2019-7-CA-073-150,150,CA-073,32.767649,-116.796032,7,2019,San Diego
2019-7-CA-073-25,25,CA-073,32.794768,-116.839743,7,2019,San Diego
2019-7-CA-077-283,283,CA-077,37.63206,-121.538382,7,2019,San Joaquin
2019-7-CA-077-90,90,CA-077,37.962557,-121.468074,7,2019,San Joaquin
2019-7-CA-079-95,95,CA-079,35.004722,-120.435278,7,2019,San Luis Obispo
2019-7-CA-079-974,974,CA-079,35.63111111,-120.2691667,7,2019,San Luis Obispo
2019-7-CA-083-100,100,CA-083,34.665699,-119.94974,7,2019,Santa Barbara
2019-7-CA-085-47,47,CA-085,37.32555556,-121.7644444,7,2019,Santa Clara
2019-7-CA-085-74,74,CA-085,37.18904,-121.694968,7,2019,Santa Clara
2019-7-CA-085-80,80,CA-085,37.433192,-121.807258,7,2019,Santa Clara
2019-7-CA-089-30,30,CA-089,40.41741,-122.767256,7,2019,Shasta
2019-7-CA-093-35,35,CA-093,41.838,-122.845,7,2019,Siskiyou
2019-7-CA-093-83,83,CA-093,41.834366,-122.656569,7,2019,Siskiyou
2019-7-CA-095-183,183,CA-095,38.158333,-122.118889,7,2019,Solano
2019-7-CA-099-202,202,CA-099,37.944751,-120.84372,7,2019,Stanislaus
2019-7-CA-099-35,35,CA-099,37.420988,-121.371276,7,2019,Stanislaus
2019-7-CA-111-131,131,CA-111,34.366111,-118.96,7,2019,Ventura
2019-7-CA-115-38,38,CA-115,39.06066,-121.35014,7,2019,Yuba
2019-8-CA-001-139,139,CA-001,37.71734,-121.55867,8,2019,Alameda
2019-8-CA-001-19,19,CA-001,37.718636,-121.657011,8,2019,Alameda
2019-8-CA-001-240,240,CA-001,37.708743,-121.841879,8,2019,Alameda
2019-8-CA-011-20,20,CA-011,39.088333,-122.309167,8,2019,Colusa
2019-8-CA-013-58,58,CA-013,37.968494,-121.678172,8,2019,Contra Costa
2019-8-CA-013-757,757,CA-013,37.908362,-121.872941,8,2019,Contra Costa
2019-8-CA-017-16,16,CA-017,38.703889,-120.890556,8,2019,El Dorado
2019-8-CA-017-35,35,CA-017,38.652475,-120.826165,8,2019,El Dorado
2019-8-CA-029-29,29,CA-029,35.287373,-118.623651,8,2019,Kern
2019-8-CA-033-20,20,CA-033,38.99174,-122.7751,8,2019,Lake
2019-8-CA-035-1020,1020,CA-035,40.943799,-120.275298,8,2019,Lassen
2019-8-CA-035-107,107,CA-035,40.900458,-121.320838,8,2019,Lassen
2019-8-CA-035-130,130,CA-035,40.886677,-120.336977,8,2019,Lassen
2019-8-CA-035-131,131,CA-035,40.562,-120.544,8,2019,Lassen
2019-8-CA-035-2438,2438,CA-035,39.892222,-120.029722,8,2019,Lassen
2019-8-CA-035-3380,3380,CA-035,40.593,-120.581,8,2019,Lassen
2019-8-CA-037-105,105,CA-037,34.675542,-118.342239,8,2019,Los Angeles
2019-8-CA-037-156,156,CA-037,34.677864,-118.752395,8,2019,Los Angeles
2019-8-CA-043-1300,1300,CA-043,37.536069,-120.177018,8,2019,Mariposa
2019-8-CA-043-423,423,CA-043,37.532028,-120.208019,8,2019,Mariposa
2019-8-CA-045-225,225,CA-045,39.005262,-123.195306,8,2019,Mendocino
2019-8-CA-049-103,103,CA-049,41.43783,-120.23976,8,2019,Modoc
2019-8-CA-065-12,12,CA-065,33.463991,-116.914799,8,2019,Riverside
2019-8-CA-065-20,20,CA-065,33.909792,-117.004667,8,2019,Riverside
2019-8-CA-065-34,34,CA-065,33.4506,-116.857817,8,2019,Riverside
2019-8-CA-065-80,80,CA-065,33.77777348,-117.487578,8,2019,Riverside
2019-8-CA-065-94,94,CA-065,33.740219,-117.333728,8,2019,Riverside
2019-8-CA-067-50,50,CA-067,38.622058,-121.114095,8,2019,Sacramento
2019-8-CA-067-84,84,CA-067,38.3525,-121.123611,8,2019,Sacramento
2019-8-CA-071-26,26,CA-071,34.202883,-116.4449,8,2019,San Bernardino
2019-8-CA-073-25,25,CA-073,32.557546,-116.873955,8,2019,San Diego
2019-8-CA-073-448,448,CA-073,32.575556,-117.026667,8,2019,San Diego
2019-8-CA-073-80,80,CA-073,32.57394,-116.760465,8,2019,San Diego
2019-8-CA-085-35,35,CA-085,37.034183,-121.45597,8,2019,Santa Clara
2019-8-CA-085-60,60,CA-085,37.219717,-121.761974,8,2019,Santa Clara
2019-8-CA-089-156,156,CA-089,40.484329,-122.159393,8,2019,Shasta
2019-8-CA-089-30,30,CA-089,40.55924,-122.25409,8,2019,Shasta
2019-8-CA-089-46,46,CA-089,40.46968,-122.54364,8,2019,Shasta
2019-8-CA-089-600,600,CA-089,40.715556,-122.241944,8,2019,Shasta
2019-8-CA-095-81,81,CA-095,38.455,-121.969167,8,2019,Solano
2019-8-CA-107-756,756,CA-107,36.40193,-119.030621,8,2019,Tulare
2019-8-CA-109-21,21,CA-109,37.949747,-120.420058,8,2019,Tuolumne
2019-8-CA-113-33,33,CA-113,39.171091,-121.423281,8,2019,Yolo
2019-9-CA-001-11,11,CA-001,37.545167,-121.596667,9,2019,Alameda
2019-9-CA-005-10,10,CA-005,38.332083,-120.67131,9,2019,Amador
2019-9-CA-007-300,300,CA-007,39.622137,-121.693472,9,2019,Butte
2019-9-CA-007-496,496,CA-007,39.45296,-121.412619,9,2019,Butte
2019-9-CA-007-58,58,CA-007,39.470333,-121.412333,9,2019,Butte
2019-9-CA-009-67,67,CA-009,38.20177,-120.827386,9,2019,Calaveras
2019-9-CA-017-22,22,CA-017,38.538467,-120.965105,9,2019,El Dorado
2019-9-CA-017-85,85,CA-017,38.898915,-120.946657,9,2019,El Dorado
2019-9-CA-019-25,25,CA-019,36.154184,-120.634179,9,2019,Fresno
2019-9-CA-027-10296,10296,CA-027,37.034,-118.345,9,2019,Inyo
2019-9-CA-027-1975,1975,CA-027,36.284,-118.228,9,2019,Inyo
2019-9-CA-033-28,28,CA-033,38.910498,-122.642572,9,2019,Lake
2019-9-CA-033-53,53,CA-033,38.955024,-122.833831,9,2019,Lake
2019-9-CA-035-260,260,CA-035,44.734,-120.606,9,2019,Lassen
2019-9-CA-049-5737,5737,CA-049,41.748,-121.056,9,2019,Modoc
2019-9-CA-051-4840,4840,CA-051,37.826,-118.872,9,2019,Mono
2019-9-CA-053-66,66,CA-053,35.906482,-120.992914,9,2019,Monterey
2019-9-CA-061-604,604,CA-061,38.751648,-121.432636,9,2019,Placer
2019-9-CA-063-54612,54612,CA-063,40.061389,-120.680556,9,2019,Plumas
2019-9-CA-065-10,10,CA-065,33.496633,-116.631106,9,2019,Riverside
2019-9-CA-065-167,167,CA-065,33.635,-116.801111,9,2019,Riverside
2019-9-CA-065-19,19,CA-065,33.703546,-117.033598,9,2019,Riverside
2019-9-CA-065-1926,1926,CA-065,33.528469,-117.273157,9,2019,Riverside
2019-9-CA-065-250,250,CA-065,33.9369,-117.3063,9,2019,Riverside
2019-9-CA-065-34,34,CA-065,33.854597,-117.270144,9,2019,Riverside
2019-9-CA-065-520,520,CA-065,33.4853,-117.043723,9,2019,Riverside
2019-9-CA-065-98,98,CA-065,33.900994,-117.170588,9,2019,Riverside
2019-9-CA-069-167,167,CA-069,36.600167,-120.8405,9,2019,San Benito
2019-9-CA-069-17,17,CA-069,36.732866,-121.39478,9,2019,San Benito
2019-9-CA-071-15,15,CA-071,34.353667,-117.343833,9,2019,San Bernardino
2019-9-CA-073-200,200,CA-073,32.787656,-116.806941,9,2019,San Diego
2019-9-CA-073-52,52,CA-073,32.87833333,-116.88,9,2019,San Diego
2019-9-CA-077-44,44,CA-077,38.017138,-120.945044,9,2019,San Joaquin
2019-9-CA-079-220,220,CA-079,35.214364,-120.455883,9,2019,San Luis Obispo
2019-9-CA-083-200,200,CA-083,34.630919,-120.187368,9,2019,Santa Barbara
2019-9-CA-085-128,128,CA-085,37.467744,-121.842751,9,2019,Santa Clara
2019-9-CA-087-10,10,CA-087,37.178353,-122.07743,9,2019,Santa Cruz
2019-9-CA-089-16,16,CA-089,40.612556,-122.039167,9,2019,Shasta
2019-9-CA-093-15,15,CA-093,41.512917,-122.740333,9,2019,Siskiyou
2019-9-CA-093-1872,1872,CA-093,41.862237,-122.662258,9,2019,Siskiyou
2019-9-CA-093-227,227,CA-093,41.4929742,-123.2129356,9,2019,Siskiyou
2019-9-CA-093-91,91,CA-093,41.749667,-123.000833,9,2019,Siskiyou
2019-9-CA-095-30,30,CA-095,38.07944444,-122.2561111,9,2019,Solano
2019-9-CA-099-11,11,CA-099,37.492002,-120.401028,9,2019,Stanislaus
2019-9-CA-099-190,190,CA-099,37.32585,-121.110146,9,2019,Stanislaus
2019-9-CA-103-5332,5332,CA-103,40.109,-122.789,9,2019,Tehama
2019-9-CA-103-8838,8838,CA-103,40.12,-122.64,9,2019,Tehama
2019-9-CA-105-244,244,CA-105,40.062304,-123.222196,9,2019,Trinity
2019-9-CA-105-280,280,CA-105,41.150392,-122.634108,9,2019,Trinity
2019-9-CA-107-381,381,CA-107,36.151,-118.185,9,2019,Tulare
2019-9-CA-109-83,83,CA-109,37.838333,-120.625556,9,2019,Tuolumne
2019-9-CA-111-279,279,CA-111,34.71011,-119.3547,9,2019,Ventura
