MeasurementID,Year,LocationID,Location,Value,MinTemp,MaxTemp,AvgTemp
2013-CA-001,2013,CA-001,Alameda,5.08,48.2,70.8,59.5
2013-CA-003,2013,CA-003,Alpine,13.55,32.6,56.6,44.6
2013-CA-005,2013,CA-005,Amador,12.25,46.2,72.1,59.1
2013-CA-007,2013,CA-007,Butte,12.19,46.8,74.1,60.4
2013-CA-009,2013,CA-009,Calaveras,11.14,45.9,72.7,59.3
2013-CA-011,2013,CA-011,Colusa,8.22,47.5,76.7,62.1
2013-CA-013,2013,CA-013,Contra Costa,5.27,48.9,72.5,60.7
2013-CA-015,2013,CA-015,Del Norte,35,41.7,64,52.9
2013-CA-017,2013,CA-017,El Dorado,16.06,42.7,67.2,54.9
2013-CA-019,2013,CA-019,Fresno,5.29,43.4,70.1,56.7
2013-CA-021,2013,CA-021,Glenn,7.59,46.9,75,61
2013-CA-023,2013,CA-023,Humboldt,21.3,42.9,65.5,54.1
2013-CA-025,2013,CA-025,Imperial,3.6,60.5,88.3,74.4
2013-CA-027,2013,CA-027,Inyo,3.52,48.6,75,61.8
2013-CA-029,2013,CA-029,Kern,3.6,49.4,76.3,62.9
2013-CA-031,2013,CA-031,Kings,2.37,50.4,78.5,64.5
2013-CA-033,2013,CA-033,Lake,12.35,44.8,71.6,58.2
2013-CA-035,2013,CA-035,Lassen,8.55,32.8,61.8,47.3
2013-CA-037,2013,CA-037,Los Angeles,4.95,50.5,75,62.8
2013-CA-039,2013,CA-039,Madera,6.64,43.4,70.9,57.2
2013-CA-041,2013,CA-041,Marin,8.4,46.3,66.3,56.3
2013-CA-043,2013,CA-043,Mariposa,9.39,42.8,69.8,56.3
2013-CA-045,2013,CA-045,Mendocino,15.5,43.2,68.7,56
2013-CA-047,2013,CA-047,Merced,3.5,49.4,76.6,63
2013-CA-049,2013,CA-049,Modoc,10.81,32.4,61.1,46.8
2013-CA-051,2013,CA-051,Mono,6.08,30.7,59.8,45.2
2013-CA-053,2013,CA-053,Monterey,4.18,44.2,74.1,59.1
2013-CA-055,2013,CA-055,Napa,6.72,46.1,74.1,60.1
2013-CA-057,2013,CA-057,Nevada,15.56,40.3,66.1,53.2
2013-CA-059,2013,CA-059,Orange,4.21,54,74.6,64.3
2013-CA-061,2013,CA-061,Placer,14.6,41.7,67.5,54.6
2013-CA-063,2013,CA-063,Plumas,12.06,33.8,61.9,47.9
2013-CA-065,2013,CA-065,Riverside,4.87,55.6,82.1,68.9
2013-CA-067,2013,CA-067,Sacramento,6.41,48.5,76.8,62.7
2013-CA-069,2013,CA-069,San Benito,3.53,46.1,73.4,59.7
2013-CA-071,2013,CA-071,San Bernardino,4.37,54.3,79.7,67
2013-CA-073,2013,CA-073,San Diego,7.86,50.1,76.7,63.4
2013-CA-075,2013,CA-075,San Francisco,6.21,48.7,65.6,57.1
2013-CA-077,2013,CA-077,San Joaquin,5.06,48.1,76.2,62.2
2013-CA-079,2013,CA-079,San Luis Obispo,3.12,46,75.3,60.6
2013-CA-081,2013,CA-081,San Mateo,6.19,46.9,67.5,57.2
2013-CA-083,2013,CA-083,Santa Barbara,3.94,46.2,71.8,59
2013-CA-085,2013,CA-085,Santa Clara,5.12,46.8,71,58.9
2013-CA-087,2013,CA-087,Santa Cruz,6.07,45.3,70.6,58
2013-CA-089,2013,CA-089,Shasta,14.77,42.5,69.9,56.2
2013-CA-091,2013,CA-091,Sierra,13.57,34.3,61.4,47.8
2013-CA-093,2013,CA-093,Siskiyou,16.12,36.8,62.7,49.8
2013-CA-095,2013,CA-095,Solano,5.1,47.8,75.2,61.5
2013-CA-097,2013,CA-097,Sonoma,10.12,44.8,70.2,57.5
2013-CA-099,2013,CA-099,Stanislaus,4.37,48,75.8,61.9
2013-CA-101,2013,CA-101,Sutter,6.57,49.2,77.8,63.5
2013-CA-103,2013,CA-103,Tehama,11.42,46.7,73.1,59.9
2013-CA-105,2013,CA-105,Trinity,19.11,39.7,67.1,53.4
2013-CA-107,2013,CA-107,Tulare,6.87,42.8,68.3,55.6
2013-CA-109,2013,CA-109,Tuolumne,12.64,37.9,64,51
2013-CA-111,2013,CA-111,Ventura,4.93,46.1,72.6,59.3
2013-CA-113,2013,CA-113,Yolo,5.79,47.8,77.1,62.5
2013-CA-115,2013,CA-115,Yuba,11.15,48,75.1,61.5
2014-CA-001,2014,CA-001,Alameda,19.88,51.1,72.8,62
2014-CA-003,2014,CA-003,Alpine,29.38,35.4,58.2,46.8
2014-CA-005,2014,CA-005,Amador,31.29,48.6,73.3,61
2014-CA-007,2014,CA-007,Butte,43.72,50,74.9,62.4
2014-CA-009,2014,CA-009,Calaveras,29.56,48.3,74,61.1
2014-CA-011,2014,CA-011,Colusa,28.67,50.7,78,64.4
2014-CA-013,2014,CA-013,Contra Costa,21.07,51.4,74,62.7
2014-CA-015,2014,CA-015,Del Norte,67.16,44.9,64.9,54.9
2014-CA-017,2014,CA-017,El Dorado,39.91,45.1,68.2,56.7
2014-CA-019,2014,CA-019,Fresno,12.44,46,72,59
2014-CA-021,2014,CA-021,Glenn,31.68,49.9,76,63
2014-CA-023,2014,CA-023,Humboldt,54.59,46.2,67.2,56.7
2014-CA-025,2014,CA-025,Imperial,2.06,63,90,76.5
2014-CA-027,2014,CA-027,Inyo,4.68,50.3,76.8,63.6
2014-CA-029,2014,CA-029,Kern,6.17,51.6,78.3,65
2014-CA-031,2014,CA-031,Kings,6.15,53.4,81,67.2
2014-CA-033,2014,CA-033,Lake,48.5,47.8,72.3,60.1
2014-CA-035,2014,CA-035,Lassen,20.3,36.7,63.5,50.1
2014-CA-037,2014,CA-037,Los Angeles,10.32,52.6,77,64.8
2014-CA-039,2014,CA-039,Madera,13.96,46,72.6,59.3
2014-CA-041,2014,CA-041,Marin,40.24,50,67.5,58.8
2014-CA-043,2014,CA-043,Mariposa,19.44,45.2,71.5,58.4
2014-CA-045,2014,CA-045,Mendocino,55.43,46.5,69.6,58.1
2014-CA-047,2014,CA-047,Merced,10.12,52.1,78.2,65.1
2014-CA-049,2014,CA-049,Modoc,18.21,36.4,63,49.7
2014-CA-051,2014,CA-051,Mono,10.68,33.1,61.3,47.2
2014-CA-053,2014,CA-053,Monterey,19.93,47.5,75.8,61.7
2014-CA-055,2014,CA-055,Napa,33.28,49,75,62
2014-CA-057,2014,CA-057,Nevada,48.42,42.9,67.1,55
2014-CA-059,2014,CA-059,Orange,7.63,56.6,77.3,67
2014-CA-061,2014,CA-061,Placer,42.03,44.3,68.6,56.4
2014-CA-063,2014,CA-063,Plumas,39.05,37,63.5,50.2
2014-CA-065,2014,CA-065,Riverside,5.23,57.6,83.9,70.8
2014-CA-067,2014,CA-067,Sacramento,18.89,51.6,78.2,64.9
2014-CA-069,2014,CA-069,San Benito,15.71,49.1,75.2,62.2
2014-CA-071,2014,CA-071,San Bernardino,4.82,56.4,81.7,69
2014-CA-073,2014,CA-073,San Diego,8.07,52.8,79,65.8
2014-CA-075,2014,CA-075,San Francisco,28.74,52,67.6,59.8
2014-CA-077,2014,CA-077,San Joaquin,14.4,51.1,77.8,64.5
2014-CA-079,2014,CA-079,San Luis Obispo,12.18,48.7,76.7,62.7
2014-CA-081,2014,CA-081,San Mateo,28.55,50.1,69.1,59.6
2014-CA-083,2014,CA-083,Santa Barbara,13.21,49,74.6,61.8
2014-CA-085,2014,CA-085,Santa Clara,24.39,49.3,72.7,61
2014-CA-087,2014,CA-087,Santa Cruz,33.51,48.6,71.7,60.2
2014-CA-089,2014,CA-089,Shasta,44.52,45,70.8,57.9
2014-CA-091,2014,CA-091,Sierra,41.88,37.2,62.7,50
2014-CA-093,2014,CA-093,Siskiyou,36.62,39.8,63.8,51.8
2014-CA-095,2014,CA-095,Solano,22.04,51,76.1,63.5
2014-CA-097,2014,CA-097,Sonoma,44.19,48.3,71.1,59.7
2014-CA-099,2014,CA-099,Stanislaus,14.42,50.9,77.1,64
2014-CA-101,2014,CA-101,Sutter,20.03,52.2,79.1,65.6
2014-CA-103,2014,CA-103,Tehama,42.34,49.3,73.6,61.5
2014-CA-105,2014,CA-105,Trinity,55.3,42.7,68,55.4
2014-CA-107,2014,CA-107,Tulare,14.47,45,70.1,57.6
2014-CA-109,2014,CA-109,Tuolumne,30.42,40.8,65.4,53.1
2014-CA-111,2014,CA-111,Ventura,14.86,47.8,74.2,61
2014-CA-113,2014,CA-113,Yolo,21.62,51,78.4,64.7
2014-CA-115,2014,CA-115,Yuba,38.61,50.8,75.9,63.4
2015-CA-001,2015,CA-001,Alameda,10.39,50.2,71.9,61
2015-CA-003,2015,CA-003,Alpine,30.36,35.1,57.5,46.3
2015-CA-005,2015,CA-005,Amador,26.66,47.8,72.9,60.4
2015-CA-007,2015,CA-007,Butte,20.74,49,74.8,62
2015-CA-009,2015,CA-009,Calaveras,25.26,47.8,73.5,60.6
2015-CA-011,2015,CA-011,Colusa,11.92,50,77.8,63.9
2015-CA-013,2015,CA-013,Contra Costa,9.28,50.7,73.3,62
2015-CA-015,2015,CA-015,Del Norte,69.35,44.8,64.5,54.7
2015-CA-017,2015,CA-017,El Dorado,32.49,44.5,68.1,56.3
2015-CA-019,2015,CA-019,Fresno,12.23,45,70.3,57.6
2015-CA-021,2015,CA-021,Glenn,12.36,49.2,75.9,62.6
2015-CA-023,2015,CA-023,Humboldt,50.55,45.7,67.2,56.5
2015-CA-025,2015,CA-025,Imperial,2.21,63,88.7,75.9
2015-CA-027,2015,CA-027,Inyo,5.17,49.5,75.2,62.4
2015-CA-029,2015,CA-029,Kern,5.56,50.4,77.1,63.8
2015-CA-031,2015,CA-031,Kings,4.58,52.3,79,65.6
2015-CA-033,2015,CA-033,Lake,25.36,47.3,72.5,59.9
2015-CA-035,2015,CA-035,Lassen,17.23,36.2,63.2,49.7
2015-CA-037,2015,CA-037,Los Angeles,7.11,52.3,75.9,64.1
2015-CA-039,2015,CA-039,Madera,14.42,45.5,71.2,58.4
2015-CA-041,2015,CA-041,Marin,15.93,49.3,67.3,58.3
2015-CA-043,2015,CA-043,Mariposa,20,44.5,70.5,57.5
2015-CA-045,2015,CA-045,Mendocino,35.42,46,70,58
2015-CA-047,2015,CA-047,Merced,6.98,51.1,76.8,64
2015-CA-049,2015,CA-049,Modoc,16.85,36.2,63.4,49.8
2015-CA-051,2015,CA-051,Mono,14.08,32.7,60.2,46.4
2015-CA-053,2015,CA-053,Monterey,11.24,46.6,75,60.8
2015-CA-055,2015,CA-055,Napa,13.88,48.3,74.7,61.6
2015-CA-057,2015,CA-057,Nevada,32.08,42.5,67.1,54.8
2015-CA-059,2015,CA-059,Orange,5.91,56.7,77.3,67
2015-CA-061,2015,CA-061,Placer,31,43.8,68.3,56
2015-CA-063,2015,CA-063,Plumas,26.23,36.6,63.4,50
2015-CA-065,2015,CA-065,Riverside,5.43,57.4,82.6,70
2015-CA-067,2015,CA-067,Sacramento,9.56,50.7,77.6,64.1
2015-CA-069,2015,CA-069,San Benito,10.12,47.8,74.3,61.1
2015-CA-071,2015,CA-071,San Bernardino,5.54,55.8,80.5,68.1
2015-CA-073,2015,CA-073,San Diego,9.08,52.2,77.7,64.9
2015-CA-075,2015,CA-075,San Francisco,11.15,51.3,67.3,59.4
2015-CA-077,2015,CA-077,San Joaquin,7.69,50.2,77.5,63.9
2015-CA-079,2015,CA-079,San Luis Obispo,6.65,47.5,75.4,61.4
2015-CA-081,2015,CA-081,San Mateo,14.07,49.5,68.8,59.2
2015-CA-083,2015,CA-083,Santa Barbara,5.05,48.6,73.8,61.2
2015-CA-085,2015,CA-085,Santa Clara,13.73,48.5,72.2,60.4
2015-CA-087,2015,CA-087,Santa Cruz,17.02,47.8,72.4,60.1
2015-CA-089,2015,CA-089,Shasta,27.65,44.9,71,58
2015-CA-091,2015,CA-091,Sierra,31.09,36.7,62.6,49.7
2015-CA-093,2015,CA-093,Siskiyou,32.34,39.9,64,51.9
2015-CA-095,2015,CA-095,Solano,8.74,50,75.6,62.8
2015-CA-097,2015,CA-097,Sonoma,21.43,47.6,71.2,59.4
2015-CA-099,2015,CA-099,Stanislaus,8.63,49.9,76.3,63.1
2015-CA-101,2015,CA-101,Sutter,8.87,51.2,78.7,65
2015-CA-103,2015,CA-103,Tehama,19.56,48.8,73.7,61.3
2015-CA-105,2015,CA-105,Trinity,43.21,42.5,68.6,55.6
2015-CA-107,2015,CA-107,Tulare,15.27,44,68.5,56.2
2015-CA-109,2015,CA-109,Tuolumne,30.01,40.3,64.5,52.5
2015-CA-111,2015,CA-111,Ventura,6.82,47.7,73.6,60.7
2015-CA-113,2015,CA-113,Yolo,9.19,50,77.8,63.9
2015-CA-115,2015,CA-115,Yuba,19.52,50.1,75.9,63
2016-CA-001,2016,CA-001,Alameda,22.55,49.9,70.8,60.4
2016-CA-003,2016,CA-003,Alpine,39.63,34.8,57,45.9
2016-CA-005,2016,CA-005,Amador,41.01,47.1,71.4,59.2
2016-CA-007,2016,CA-007,Butte,55.96,48.5,73.1,60.8
2016-CA-009,2016,CA-009,Calaveras,40.49,47,72.1,59.5
2016-CA-011,2016,CA-011,Colusa,25.49,49.7,75.3,62.5
2016-CA-013,2016,CA-013,Contra Costa,22.55,50,72.3,61.2
2016-CA-015,2016,CA-015,Del Norte,97.59,43.5,62.2,52.9
2016-CA-017,2016,CA-017,El Dorado,53.14,43.9,66.6,55.2
2016-CA-019,2016,CA-019,Fresno,19.6,44.5,70.1,57.3
2016-CA-021,2016,CA-021,Glenn,29.61,48.9,73.3,61.1
2016-CA-023,2016,CA-023,Humboldt,79.86,45.7,65.9,55.8
2016-CA-025,2016,CA-025,Imperial,3.06,61.9,89.1,75.5
2016-CA-027,2016,CA-027,Inyo,4.91,49.6,75,62.3
2016-CA-029,2016,CA-029,Kern,9.21,50.7,76.5,63.6
2016-CA-031,2016,CA-031,Kings,7.61,52.4,79.1,65.7
2016-CA-033,2016,CA-033,Lake,55.34,46.7,69.3,58
2016-CA-035,2016,CA-035,Lassen,23.63,35.5,61.6,48.5
2016-CA-037,2016,CA-037,Los Angeles,12.59,52,75.4,63.7
2016-CA-039,2016,CA-039,Madera,24.08,44.8,70.9,57.9
2016-CA-041,2016,CA-041,Marin,40.81,48.8,65.4,57.1
2016-CA-043,2016,CA-043,Mariposa,34.7,43.8,70,56.9
2016-CA-045,2016,CA-045,Mendocino,65.92,45.8,67.5,56.6
2016-CA-047,2016,CA-047,Merced,14.46,51.3,76.7,64
2016-CA-049,2016,CA-049,Modoc,19.17,35.4,61.3,48.3
2016-CA-051,2016,CA-051,Mono,15.22,32.3,60.3,46.3
2016-CA-053,2016,CA-053,Monterey,20.86,46.1,73.9,60
2016-CA-055,2016,CA-055,Napa,36.01,48.1,72.6,60.4
2016-CA-057,2016,CA-057,Nevada,65.78,41.3,65.4,53.4
2016-CA-059,2016,CA-059,Orange,10.92,56,76.2,66.1
2016-CA-061,2016,CA-061,Placer,57.28,43,66.9,55
2016-CA-063,2016,CA-063,Plumas,52.75,36.1,61.6,48.9
2016-CA-065,2016,CA-065,Riverside,8.04,57.3,82.9,70.1
2016-CA-067,2016,CA-067,Sacramento,22.67,50.4,76.6,63.5
2016-CA-069,2016,CA-069,San Benito,17.65,47.5,73.2,60.4
2016-CA-071,2016,CA-071,San Bernardino,6.6,55.8,80.4,68.1
2016-CA-073,2016,CA-073,San Diego,13.17,52,77.7,64.8
2016-CA-075,2016,CA-075,San Francisco,28.85,50.7,65.9,58.3
2016-CA-077,2016,CA-077,San Joaquin,18.33,50,76.6,63.3
2016-CA-079,2016,CA-079,San Luis Obispo,16.06,47.2,75,61.1
2016-CA-081,2016,CA-081,San Mateo,33.08,49,67.4,58.2
2016-CA-083,2016,CA-083,Santa Barbara,15.99,48,72.7,60.4
2016-CA-085,2016,CA-085,Santa Clara,29.64,48.6,71.2,59.9
2016-CA-087,2016,CA-087,Santa Cruz,40.44,47.8,70,58.9
2016-CA-089,2016,CA-089,Shasta,57.21,44.1,68.5,56.3
2016-CA-091,2016,CA-091,Sierra,60.57,36,61.1,48.6
2016-CA-093,2016,CA-093,Siskiyou,48.93,38.7,61.5,50.1
2016-CA-095,2016,CA-095,Solano,22.86,49.6,74.2,61.9
2016-CA-097,2016,CA-097,Sonoma,49.56,47.3,69,58.2
2016-CA-099,2016,CA-099,Stanislaus,18.04,50,76.3,63.2
2016-CA-101,2016,CA-101,Sutter,21.39,51.1,77.5,64.3
2016-CA-103,2016,CA-103,Tehama,47.99,48.2,71.1,59.7
2016-CA-105,2016,CA-105,Trinity,74.92,42,66,54
2016-CA-107,2016,CA-107,Tulare,19.73,43.6,68.1,55.8
2016-CA-109,2016,CA-109,Tuolumne,45.14,39.7,63.9,51.8
2016-CA-111,2016,CA-111,Ventura,16.14,46.7,72.5,59.6
2016-CA-113,2016,CA-113,Yolo,22.92,49.8,76.3,63.1
2016-CA-115,2016,CA-115,Yuba,46.73,49.5,74,61.7
2017-CA-001,2017,CA-001,Alameda,24.97,49.8,71.2,60.5
2017-CA-003,2017,CA-003,Alpine,64.24,34.3,56.5,45.4
2017-CA-005,2017,CA-005,Amador,55.94,47.6,71.5,59.5
2017-CA-007,2017,CA-007,Butte,56.41,48.9,73.4,61.1
2017-CA-009,2017,CA-009,Calaveras,51.55,47.7,72.3,60
2017-CA-011,2017,CA-011,Colusa,27.44,50,75.8,62.9
2017-CA-013,2017,CA-013,Contra Costa,26.84,50.3,72.7,61.5
2017-CA-015,2017,CA-015,Del Norte,92.56,43.4,61.5,52.4
2017-CA-017,2017,CA-017,El Dorado,73.52,44.2,66.5,55.3
2017-CA-019,2017,CA-019,Fresno,27.16,44.8,69.9,57.3
2017-CA-021,2017,CA-021,Glenn,28.56,48.6,74.1,61.4
2017-CA-023,2017,CA-023,Humboldt,76.72,44.8,64.8,54.8
2017-CA-025,2017,CA-025,Imperial,2.82,62.9,89.7,76.3
2017-CA-027,2017,CA-027,Inyo,7.68,49.9,75.3,62.6
2017-CA-029,2017,CA-029,Kern,9.68,51,76.6,63.8
2017-CA-031,2017,CA-031,Kings,8.21,52.4,78.8,65.6
2017-CA-033,2017,CA-033,Lake,56.99,46.9,70.1,58.5
2017-CA-035,2017,CA-035,Lassen,28.47,35.4,61.1,48.3
2017-CA-037,2017,CA-037,Los Angeles,13.69,52.4,75.8,64.1
2017-CA-039,2017,CA-039,Madera,29.76,45,70.6,57.8
2017-CA-041,2017,CA-041,Marin,45.85,48.7,66.3,57.5
2017-CA-043,2017,CA-043,Mariposa,41.99,44.2,69.7,57
2017-CA-045,2017,CA-045,Mendocino,61.04,45.4,67.9,56.6
2017-CA-047,2017,CA-047,Merced,13.02,51.3,76.7,64
2017-CA-049,2017,CA-049,Modoc,21.12,35.1,61.3,48.2
2017-CA-051,2017,CA-051,Mono,26.45,32,59.5,45.8
2017-CA-053,2017,CA-053,Monterey,25.02,46.6,74.3,60.4
2017-CA-055,2017,CA-055,Napa,43.3,48.3,73.4,60.8
2017-CA-057,2017,CA-057,Nevada,82.59,41.8,65.5,53.7
2017-CA-059,2017,CA-059,Orange,13.2,56.1,76.5,66.3
2017-CA-061,2017,CA-061,Placer,75.84,43.2,66.7,55
2017-CA-063,2017,CA-063,Plumas,68.34,36.2,61.2,48.7
2017-CA-065,2017,CA-065,Riverside,7.94,58.1,83.4,70.7
2017-CA-067,2017,CA-067,Sacramento,27.87,50.9,76.5,63.7
2017-CA-069,2017,CA-069,San Benito,18.11,47.8,73.5,60.7
2017-CA-071,2017,CA-071,San Bernardino,5.56,56.4,81,68.7
2017-CA-073,2017,CA-073,San Diego,12.79,52.3,78.1,65.2
2017-CA-075,2017,CA-075,San Francisco,31.59,50.6,66.5,58.5
2017-CA-077,2017,CA-077,San Joaquin,19.08,50.3,77.2,63.7
2017-CA-079,2017,CA-079,San Luis Obispo,20.89,48,75.4,61.7
2017-CA-081,2017,CA-081,San Mateo,36.79,48.9,67.8,58.4
2017-CA-083,2017,CA-083,Santa Barbara,20.52,48.5,72.8,60.7
2017-CA-085,2017,CA-085,Santa Clara,31.53,48.3,71.3,59.8
2017-CA-087,2017,CA-087,Santa Cruz,47.63,47.5,70.4,58.9
2017-CA-089,2017,CA-089,Shasta,52.95,44.1,69.1,56.6
2017-CA-091,2017,CA-091,Sierra,80.2,36.4,61,48.7
2017-CA-093,2017,CA-093,Siskiyou,43.62,38.5,61.4,50
2017-CA-095,2017,CA-095,Solano,30.57,49.8,74.5,62.1
2017-CA-097,2017,CA-097,Sonoma,52.76,47,69.9,58.5
2017-CA-099,2017,CA-099,Stanislaus,16.82,50.6,76.1,63.3
2017-CA-101,2017,CA-101,Sutter,25.41,51.6,77.5,64.6
2017-CA-103,2017,CA-103,Tehama,40.84,48.3,71.9,60.1
2017-CA-105,2017,CA-105,Trinity,67.76,41.4,65.9,53.7
2017-CA-107,2017,CA-107,Tulare,27.33,44.4,67.6,56
2017-CA-109,2017,CA-109,Tuolumne,64.58,40,63.6,51.8
2017-CA-111,2017,CA-111,Ventura,20.91,47.7,72.9,60.3
2017-CA-113,2017,CA-113,Yolo,30.74,50,76.2,63.1
2017-CA-115,2017,CA-115,Yuba,55.01,50.1,74.4,62.3
2018-CA-001,2018,CA-001,Alameda,16.57,48.9,70.7,59.8
2018-CA-003,2018,CA-003,Alpine,32.2,34.2,57.2,45.7
2018-CA-005,2018,CA-005,Amador,34.04,47.1,72.4,59.7
2018-CA-007,2018,CA-007,Butte,34.51,48,74,61
2018-CA-009,2018,CA-009,Calaveras,32.63,47,73,60
2018-CA-011,2018,CA-011,Colusa,18.08,48.9,76,62.5
2018-CA-013,2018,CA-013,Contra Costa,17.52,49.7,72.3,61
2018-CA-015,2018,CA-015,Del Norte,54.46,43.1,62.8,52.9
2018-CA-017,2018,CA-017,El Dorado,40.29,43.7,67.1,55.4
2018-CA-019,2018,CA-019,Fresno,16.87,44.6,70.1,57.4
2018-CA-021,2018,CA-021,Glenn,18.95,47.7,74.2,61
2018-CA-023,2018,CA-023,Humboldt,48.62,44.2,65.4,54.8
2018-CA-025,2018,CA-025,Imperial,2.07,62.2,88.5,75.3
2018-CA-027,2018,CA-027,Inyo,4.52,50.1,75.4,62.7
2018-CA-029,2018,CA-029,Kern,7.03,50.9,76.3,63.6
2018-CA-031,2018,CA-031,Kings,5.61,51.6,78.7,65.2
2018-CA-033,2018,CA-033,Lake,34.37,46.5,70.5,58.5
2018-CA-035,2018,CA-035,Lassen,18.88,34.3,61.8,48
2018-CA-037,2018,CA-037,Los Angeles,10.79,52,75,63.5
2018-CA-039,2018,CA-039,Madera,20.72,44.6,70.8,57.7
2018-CA-041,2018,CA-041,Marin,30.49,47.8,65.6,56.7
2018-CA-043,2018,CA-043,Mariposa,30.17,43.8,70.1,56.9
2018-CA-045,2018,CA-045,Mendocino,41.72,44.4,68.1,56.2
2018-CA-047,2018,CA-047,Merced,10.5,50.8,75.9,63.4
2018-CA-049,2018,CA-049,Modoc,17.29,34.3,61.7,48
2018-CA-051,2018,CA-051,Mono,14.08,31.9,60.3,46.1
2018-CA-053,2018,CA-053,Monterey,19.21,45.6,74.1,59.9
2018-CA-055,2018,CA-055,Napa,24.56,47.3,73.6,60.4
2018-CA-057,2018,CA-057,Nevada,45.36,41.4,66.2,53.8
2018-CA-059,2018,CA-059,Orange,8.79,56,75.6,65.8
2018-CA-061,2018,CA-061,Placer,42.42,42.7,67.4,55
2018-CA-063,2018,CA-063,Plumas,35.36,35.2,62,48.6
2018-CA-065,2018,CA-065,Riverside,5.82,57.7,82.7,70.2
2018-CA-067,2018,CA-067,Sacramento,18.95,49.3,76.4,62.9
2018-CA-069,2018,CA-069,San Benito,15.78,47.3,73.3,60.3
2018-CA-071,2018,CA-071,San Bernardino,5.11,56.3,80.5,68.4
2018-CA-073,2018,CA-073,San Diego,9.69,51.9,77.6,64.8
2018-CA-075,2018,CA-075,San Francisco,22.51,49.9,65.4,57.6
2018-CA-077,2018,CA-077,San Joaquin,14.35,49.5,77.1,63.3
2018-CA-079,2018,CA-079,San Luis Obispo,14.4,47,75.2,61.1
2018-CA-081,2018,CA-081,San Mateo,22.73,48,67.2,57.6
2018-CA-083,2018,CA-083,Santa Barbara,12.72,47.8,72.7,60.2
2018-CA-085,2018,CA-085,Santa Clara,21.1,47.9,71.1,59.5
2018-CA-087,2018,CA-087,Santa Cruz,27.33,46.4,70.4,58.4
2018-CA-089,2018,CA-089,Shasta,34.13,43.4,69.8,56.6
2018-CA-091,2018,CA-091,Sierra,39.27,35.6,61.8,48.7
2018-CA-093,2018,CA-093,Siskiyou,26.23,38.1,62.5,50.3
2018-CA-095,2018,CA-095,Solano,17.34,48.8,74.5,61.6
2018-CA-097,2018,CA-097,Sonoma,36.02,46.3,69.8,58.1
2018-CA-099,2018,CA-099,Stanislaus,13.57,50.1,75.8,62.9
2018-CA-101,2018,CA-101,Sutter,17.61,49.5,77.8,63.6
2018-CA-103,2018,CA-103,Tehama,30.58,47.6,72.4,60
2018-CA-105,2018,CA-105,Trinity,39.76,40.7,66.9,53.8
2018-CA-107,2018,CA-107,Tulare,16.35,43.9,68,55.9
2018-CA-109,2018,CA-109,Tuolumne,37.4,39.4,64.3,51.9
2018-CA-111,2018,CA-111,Ventura,14.24,47,72.1,59.5
2018-CA-113,2018,CA-113,Yolo,17.84,48.3,76.5,62.4
2018-CA-115,2018,CA-115,Yuba,33.66,49.1,74.9,62
2019-CA-001,2019,CA-001,Alameda,22.29,49.3,70,59.7
2019-CA-003,2019,CA-003,Alpine,47.21,32.5,54.4,43.5
2019-CA-005,2019,CA-005,Amador,48.65,45.9,69.6,57.8
2019-CA-007,2019,CA-007,Butte,60.1,48.3,72.1,60.2
2019-CA-009,2019,CA-009,Calaveras,48.25,46.1,70.4,58.2
2019-CA-011,2019,CA-011,Colusa,32.89,49.3,73.8,61.6
2019-CA-013,2019,CA-013,Contra Costa,23.29,49.8,71.4,60.6
2019-CA-015,2019,CA-015,Del Norte,79.65,42.7,61.5,52.1
2019-CA-017,2019,CA-017,El Dorado,60.52,42.6,64.5,53.6
2019-CA-019,2019,CA-019,Fresno,25.12,43.6,68.1,55.8
2019-CA-021,2019,CA-021,Glenn,39.12,48.6,72.3,60.4
2019-CA-023,2019,CA-023,Humboldt,71.48,44.3,64.6,54.5
2019-CA-025,2019,CA-025,Imperial,3.76,60,85.8,72.9
2019-CA-027,2019,CA-027,Inyo,10,47.9,72.1,60
2019-CA-029,2019,CA-029,Kern,13.32,49.3,74,61.7
2019-CA-031,2019,CA-031,Kings,9.69,51.1,77.5,64.3
2019-CA-033,2019,CA-033,Lake,60.95,46.3,68.4,57.4
2019-CA-035,2019,CA-035,Lassen,25.57,33.8,59.4,46.6
2019-CA-037,2019,CA-037,Los Angeles,23.4,50,72.1,61
2019-CA-039,2019,CA-039,Madera,25.3,43.8,68.7,56.2
2019-CA-041,2019,CA-041,Marin,46.7,48.7,65.1,56.9
2019-CA-043,2019,CA-043,Mariposa,38.06,42.4,67.6,55
2019-CA-045,2019,CA-045,Mendocino,62.4,45.2,67,56.1
2019-CA-047,2019,CA-047,Merced,13.85,51,74.8,62.9
2019-CA-049,2019,CA-049,Modoc,21.22,33.8,59.6,46.7
2019-CA-051,2019,CA-051,Mono,19.12,30,57.2,43.6
2019-CA-053,2019,CA-053,Monterey,30.5,45.8,72.4,59.1
2019-CA-055,2019,CA-055,Napa,43.5,47.8,72.1,60
2019-CA-057,2019,CA-057,Nevada,66.92,40.3,63.5,51.9
2019-CA-059,2019,CA-059,Orange,21.24,54.1,73.6,63.9
2019-CA-061,2019,CA-061,Placer,61.82,41.9,65,53.4
2019-CA-063,2019,CA-063,Plumas,56.14,34.8,59.4,47.1
2019-CA-065,2019,CA-065,Riverside,12.78,55.6,79.7,67.6
2019-CA-067,2019,CA-067,Sacramento,25.88,50.2,75.5,62.9
2019-CA-069,2019,CA-069,San Benito,22.97,46.7,71.4,59.1
2019-CA-071,2019,CA-071,San Bernardino,10.79,53.7,77.3,65.5
2019-CA-073,2019,CA-073,San Diego,21.17,50.1,74.8,62.4
2019-CA-075,2019,CA-075,San Francisco,29.56,50.4,65.6,58
2019-CA-077,2019,CA-077,San Joaquin,17.6,50.1,76,63.1
2019-CA-079,2019,CA-079,San Luis Obispo,23.65,46.4,73,59.7
2019-CA-081,2019,CA-081,San Mateo,34.33,48.9,67.2,58
2019-CA-083,2019,CA-083,Santa Barbara,26.65,46.9,70.2,58.6
2019-CA-085,2019,CA-085,Santa Clara,32.17,47.7,70,58.8
2019-CA-087,2019,CA-087,Santa Cruz,46.24,47.4,69.7,58.6
2019-CA-089,2019,CA-089,Shasta,54.84,43,67.5,55.3
2019-CA-091,2019,CA-091,Sierra,60.82,34.9,58.7,46.8
2019-CA-093,2019,CA-093,Siskiyou,39.49,37.5,60.4,49
2019-CA-095,2019,CA-095,Solano,28.79,49.7,73.6,61.7
2019-CA-097,2019,CA-097,Sonoma,57.85,47.1,68.7,57.9
2019-CA-099,2019,CA-099,Stanislaus,17.77,50,74.7,62.3
2019-CA-101,2019,CA-101,Sutter,28.23,50.6,76.1,63.4
2019-CA-103,2019,CA-103,Tehama,48.44,47.4,70.3,58.8
2019-CA-105,2019,CA-105,Trinity,66.14,40.6,65.1,52.9
2019-CA-107,2019,CA-107,Tulare,29.53,42.6,65.5,54
2019-CA-109,2019,CA-109,Tuolumne,52.12,38,61.6,49.9
2019-CA-111,2019,CA-111,Ventura,31.01,46.3,69,57.7
2019-CA-113,2019,CA-113,Yolo,33.14,49.6,75.2,62.4
2019-CA-115,2019,CA-115,Yuba,52.15,48.8,72.9,60.9
2020-CA-001,2020,CA-001,Alameda,8.42,50.7,72.6,61.7
2020-CA-003,2020,CA-003,Alpine,20.43,34.3,58.2,46.3
2020-CA-005,2020,CA-005,Amador,20.32,48,72.8,60.5
2020-CA-007,2020,CA-007,Butte,19.16,49,75.4,62.2
2020-CA-009,2020,CA-009,Calaveras,18.94,47.8,73.7,60.8
2020-CA-011,2020,CA-011,Colusa,6.88,50.6,77.6,64.1
2020-CA-013,2020,CA-013,Contra Costa,7.23,51.2,74.2,62.7
2020-CA-015,2020,CA-015,Del Norte,55.93,43.2,63.4,53.3
2020-CA-017,2020,CA-017,El Dorado,25.9,44.5,68.2,56.4
2020-CA-019,2020,CA-019,Fresno,9.62,44.4,70.5,57.5
2020-CA-021,2020,CA-021,Glenn,7.22,49.3,75.8,62.6
2020-CA-023,2020,CA-023,Humboldt,37.65,44.8,66.9,55.8
2020-CA-025,2020,CA-025,Imperial,2.69,61.2,89.7,75.5
2020-CA-027,2020,CA-027,Inyo,2.99,49.6,75.7,62.7
2020-CA-029,2020,CA-029,Kern,6.05,50.2,76.6,63.4
2020-CA-031,2020,CA-031,Kings,4.54,51.3,79,65.2
2020-CA-033,2020,CA-033,Lake,17.02,47.3,72.1,59.7
2020-CA-035,2020,CA-035,Lassen,10.81,34.8,63.3,49.1
2020-CA-037,2020,CA-037,Los Angeles,10.89,51.2,75.1,63.2
2020-CA-039,2020,CA-039,Madera,11.06,44.8,71.4,58.1
2020-CA-041,2020,CA-041,Marin,13.07,48.6,67.6,58.1
2020-CA-043,2020,CA-043,Mariposa,15.77,44.3,70.9,57.6
2020-CA-045,2020,CA-045,Mendocino,22.11,45.3,70,57.7
2020-CA-047,2020,CA-047,Merced,5.78,50.4,76.4,63.4
2020-CA-049,2020,CA-049,Modoc,12.91,34.9,62.9,48.9
2020-CA-051,2020,CA-051,Mono,7.71,31.9,61.4,46.6
2020-CA-053,2020,CA-053,Monterey,10.21,45.7,75,60.4
2020-CA-055,2020,CA-055,Napa,10.32,48.2,75.1,61.7
2020-CA-057,2020,CA-057,Nevada,27.42,41.8,67.4,54.6
2020-CA-059,2020,CA-059,Orange,9.57,55.5,76.5,66
2020-CA-061,2020,CA-061,Placer,24.95,43.5,68.5,56
2020-CA-063,2020,CA-063,Plumas,21.66,35.3,63.2,49.3
2020-CA-065,2020,CA-065,Riverside,6.62,56.8,83.3,70.1
2020-CA-067,2020,CA-067,Sacramento,8.06,50.4,78.3,64.4
2020-CA-069,2020,CA-069,San Benito,8.76,46.9,74,60.4
2020-CA-071,2020,CA-071,San Bernardino,4.44,55.4,81,68.2
2020-CA-073,2020,CA-073,San Diego,11.35,51.2,78.1,64.7
2020-CA-075,2020,CA-075,San Francisco,9.44,50.6,67.8,59.2
2020-CA-077,2020,CA-077,San Joaquin,6.6,50.6,78.5,64.5
2020-CA-079,2020,CA-079,San Luis Obispo,9.31,46.6,75.6,61.1
2020-CA-081,2020,CA-081,San Mateo,10.94,48.5,69.6,59.1
2020-CA-083,2020,CA-083,Santa Barbara,11.34,47.4,73,60.2
2020-CA-085,2020,CA-085,Santa Clara,12.67,48.4,72.5,60.4
2020-CA-087,2020,CA-087,Santa Cruz,14.59,47.1,71.6,59.4
2020-CA-089,2020,CA-089,Shasta,23.29,44,70.7,57.4
2020-CA-091,2020,CA-091,Sierra,24.33,35.9,62.7,49.3
2020-CA-093,2020,CA-093,Siskiyou,23.22,38.4,63.1,50.8
2020-CA-095,2020,CA-095,Solano,6.51,49.9,76.4,63.1
2020-CA-097,2020,CA-097,Sonoma,14.86,47.2,71.6,59.4
2020-CA-099,2020,CA-099,Stanislaus,6.79,50.2,76.6,63.4
2020-CA-101,2020,CA-101,Sutter,6.57,51.1,79.1,65.1
2020-CA-103,2020,CA-103,Tehama,16.5,48.5,73.7,61.1
2020-CA-105,2020,CA-105,Trinity,28.13,41.4,67.9,54.6
2020-CA-107,2020,CA-107,Tulare,11.62,43.9,68.2,56
2020-CA-109,2020,CA-109,Tuolumne,21.07,40,65.3,52.6
2020-CA-111,2020,CA-111,Ventura,12.11,46.3,71.9,59.1
2020-CA-113,2020,CA-113,Yolo,6.36,49.9,78.2,64
2020-CA-115,2020,CA-115,Yuba,18.02,49.8,76.2,63
