Measurement ID,Year,Location ID,Location,Min Temp,Max Temp,Avg Temp
2013-CA-001,2013,CA-001,Alameda,48.2,70.8,59.5
2013-CA-003,2013,CA-003,Alpine,32.6,56.6,44.6
2013-CA-005,2013,CA-005,Amador,46.2,72.1,59.1
2013-CA-007,2013,CA-007,Butte,46.8,74.1,60.4
2013-CA-009,2013,CA-009,Calaveras,45.9,72.7,59.3
2013-CA-011,2013,CA-011,Colusa,47.5,76.7,62.1
2013-CA-013,2013,CA-013,Contra Costa,48.9,72.5,60.7
2013-CA-015,2013,CA-015,Del Norte,41.7,64,52.9
2013-CA-017,2013,CA-017,El Dorado,42.7,67.2,54.9
2013-CA-019,2013,CA-019,Fresno,43.4,70.1,56.7
2013-CA-021,2013,CA-021,Glenn,46.9,75,61
2013-CA-023,2013,CA-023,Humboldt,42.9,65.5,54.1
2013-CA-025,2013,CA-025,Imperial,60.5,88.3,74.4
2013-CA-027,2013,CA-027,Inyo,48.6,75,61.8
2013-CA-029,2013,CA-029,Kern,49.4,76.3,62.9
2013-CA-031,2013,CA-031,Kings,50.4,78.5,64.5
2013-CA-033,2013,CA-033,Lake,44.8,71.6,58.2
2013-CA-035,2013,CA-035,Lassen,32.8,61.8,47.3
2013-CA-037,2013,CA-037,Los Angeles,50.5,75,62.8
2013-CA-039,2013,CA-039,Madera,43.4,70.9,57.2
2013-CA-041,2013,CA-041,Marin,46.3,66.3,56.3
2013-CA-043,2013,CA-043,Mariposa,42.8,69.8,56.3
2013-CA-045,2013,CA-045,Mendocino,43.2,68.7,56
2013-CA-047,2013,CA-047,Merced,49.4,76.6,63
2013-CA-049,2013,CA-049,Modoc,32.4,61.1,46.8
2013-CA-051,2013,CA-051,Mono,30.7,59.8,45.2
2013-CA-053,2013,CA-053,Monterey,44.2,74.1,59.1
2013-CA-055,2013,CA-055,Napa,46.1,74.1,60.1
2013-CA-057,2013,CA-057,Nevada,40.3,66.1,53.2
2013-CA-059,2013,CA-059,Orange,54,74.6,64.3
2013-CA-061,2013,CA-061,Placer,41.7,67.5,54.6
2013-CA-063,2013,CA-063,Plumas,33.8,61.9,47.9
2013-CA-065,2013,CA-065,Riverside,55.6,82.1,68.9
2013-CA-067,2013,CA-067,Sacramento,48.5,76.8,62.7
2013-CA-069,2013,CA-069,San Benito,46.1,73.4,59.7
2013-CA-071,2013,CA-071,San Bernardino,54.3,79.7,67
2013-CA-073,2013,CA-073,San Diego,50.1,76.7,63.4
2013-CA-075,2013,CA-075,San Francisco,48.7,65.6,57.1
2013-CA-077,2013,CA-077,San Joaquin,48.1,76.2,62.2
2013-CA-079,2013,CA-079,San Luis Obispo,46,75.3,60.6
2013-CA-081,2013,CA-081,San Mateo,46.9,67.5,57.2
2013-CA-083,2013,CA-083,Santa Barbara,46.2,71.8,59
2013-CA-085,2013,CA-085,Santa Clara,46.8,71,58.9
2013-CA-087,2013,CA-087,Santa Cruz,45.3,70.6,58
2013-CA-089,2013,CA-089,Shasta,42.5,69.9,56.2
2013-CA-091,2013,CA-091,Sierra,34.3,61.4,47.8
2013-CA-093,2013,CA-093,Siskiyou,36.8,62.7,49.8
2013-CA-095,2013,CA-095,Solano,47.8,75.2,61.5
2013-CA-097,2013,CA-097,Sonoma,44.8,70.2,57.5
2013-CA-099,2013,CA-099,Stanislaus,48,75.8,61.9
2013-CA-101,2013,CA-101,Sutter,49.2,77.8,63.5
2013-CA-103,2013,CA-103,Tehama,46.7,73.1,59.9
2013-CA-105,2013,CA-105,Trinity,39.7,67.1,53.4
2013-CA-107,2013,CA-107,Tulare,42.8,68.3,55.6
2013-CA-109,2013,CA-109,Tuolumne,37.9,64,51
2013-CA-111,2013,CA-111,Ventura,46.1,72.6,59.3
2013-CA-113,2013,CA-113,Yolo,47.8,77.1,62.5
2013-CA-115,2013,CA-115,Yuba,48,75.1,61.5
2014-CA-001,2014,CA-001,Alameda,51.1,72.8,62
2014-CA-003,2014,CA-003,Alpine,35.4,58.2,46.8
2014-CA-005,2014,CA-005,Amador,48.6,73.3,61
2014-CA-007,2014,CA-007,Butte,50,74.9,62.4
2014-CA-009,2014,CA-009,Calaveras,48.3,74,61.1
2014-CA-011,2014,CA-011,Colusa,50.7,78,64.4
2014-CA-013,2014,CA-013,Contra Costa,51.4,74,62.7
2014-CA-015,2014,CA-015,Del Norte,44.9,64.9,54.9
2014-CA-017,2014,CA-017,El Dorado,45.1,68.2,56.7
2014-CA-019,2014,CA-019,Fresno,46,72,59
2014-CA-021,2014,CA-021,Glenn,49.9,76,63
2014-CA-023,2014,CA-023,Humboldt,46.2,67.2,56.7
2014-CA-025,2014,CA-025,Imperial,63,90,76.5
2014-CA-027,2014,CA-027,Inyo,50.3,76.8,63.6
2014-CA-029,2014,CA-029,Kern,51.6,78.3,65
2014-CA-031,2014,CA-031,Kings,53.4,81,67.2
2014-CA-033,2014,CA-033,Lake,47.8,72.3,60.1
2014-CA-035,2014,CA-035,Lassen,36.7,63.5,50.1
2014-CA-037,2014,CA-037,Los Angeles,52.6,77,64.8
2014-CA-039,2014,CA-039,Madera,46,72.6,59.3
2014-CA-041,2014,CA-041,Marin,50,67.5,58.8
2014-CA-043,2014,CA-043,Mariposa,45.2,71.5,58.4
2014-CA-045,2014,CA-045,Mendocino,46.5,69.6,58.1
2014-CA-047,2014,CA-047,Merced,52.1,78.2,65.1
2014-CA-049,2014,CA-049,Modoc,36.4,63,49.7
2014-CA-051,2014,CA-051,Mono,33.1,61.3,47.2
2014-CA-053,2014,CA-053,Monterey,47.5,75.8,61.7
2014-CA-055,2014,CA-055,Napa,49,75,62
2014-CA-057,2014,CA-057,Nevada,42.9,67.1,55
2014-CA-059,2014,CA-059,Orange,56.6,77.3,67
2014-CA-061,2014,CA-061,Placer,44.3,68.6,56.4
2014-CA-063,2014,CA-063,Plumas,37,63.5,50.2
2014-CA-065,2014,CA-065,Riverside,57.6,83.9,70.8
2014-CA-067,2014,CA-067,Sacramento,51.6,78.2,64.9
2014-CA-069,2014,CA-069,San Benito,49.1,75.2,62.2
2014-CA-071,2014,CA-071,San Bernardino,56.4,81.7,69
2014-CA-073,2014,CA-073,San Diego,52.8,79,65.8
2014-CA-075,2014,CA-075,San Francisco,52,67.6,59.8
2014-CA-077,2014,CA-077,San Joaquin,51.1,77.8,64.5
2014-CA-079,2014,CA-079,San Luis Obispo,48.7,76.7,62.7
2014-CA-081,2014,CA-081,San Mateo,50.1,69.1,59.6
2014-CA-083,2014,CA-083,Santa Barbara,49,74.6,61.8
2014-CA-085,2014,CA-085,Santa Clara,49.3,72.7,61
2014-CA-087,2014,CA-087,Santa Cruz,48.6,71.7,60.2
2014-CA-089,2014,CA-089,Shasta,45,70.8,57.9
2014-CA-091,2014,CA-091,Sierra,37.2,62.7,50
2014-CA-093,2014,CA-093,Siskiyou,39.8,63.8,51.8
2014-CA-095,2014,CA-095,Solano,51,76.1,63.5
2014-CA-097,2014,CA-097,Sonoma,48.3,71.1,59.7
2014-CA-099,2014,CA-099,Stanislaus,50.9,77.1,64
2014-CA-101,2014,CA-101,Sutter,52.2,79.1,65.6
2014-CA-103,2014,CA-103,Tehama,49.3,73.6,61.5
2014-CA-105,2014,CA-105,Trinity,42.7,68,55.4
2014-CA-107,2014,CA-107,Tulare,45,70.1,57.6
2014-CA-109,2014,CA-109,Tuolumne,40.8,65.4,53.1
2014-CA-111,2014,CA-111,Ventura,47.8,74.2,61
2014-CA-113,2014,CA-113,Yolo,51,78.4,64.7
2014-CA-115,2014,CA-115,Yuba,50.8,75.9,63.4
2015-CA-001,2015,CA-001,Alameda,50.2,71.9,61
2015-CA-003,2015,CA-003,Alpine,35.1,57.5,46.3
2015-CA-005,2015,CA-005,Amador,47.8,72.9,60.4
2015-CA-007,2015,CA-007,Butte,49,74.8,62
2015-CA-009,2015,CA-009,Calaveras,47.8,73.5,60.6
2015-CA-011,2015,CA-011,Colusa,50,77.8,63.9
2015-CA-013,2015,CA-013,Contra Costa,50.7,73.3,62
2015-CA-015,2015,CA-015,Del Norte,44.8,64.5,54.7
2015-CA-017,2015,CA-017,El Dorado,44.5,68.1,56.3
2015-CA-019,2015,CA-019,Fresno,45,70.3,57.6
2015-CA-021,2015,CA-021,Glenn,49.2,75.9,62.6
2015-CA-023,2015,CA-023,Humboldt,45.7,67.2,56.5
2015-CA-025,2015,CA-025,Imperial,63,88.7,75.9
2015-CA-027,2015,CA-027,Inyo,49.5,75.2,62.4
2015-CA-029,2015,CA-029,Kern,50.4,77.1,63.8
2015-CA-031,2015,CA-031,Kings,52.3,79,65.6
2015-CA-033,2015,CA-033,Lake,47.3,72.5,59.9
2015-CA-035,2015,CA-035,Lassen,36.2,63.2,49.7
2015-CA-037,2015,CA-037,Los Angeles,52.3,75.9,64.1
2015-CA-039,2015,CA-039,Madera,45.5,71.2,58.4
2015-CA-041,2015,CA-041,Marin,49.3,67.3,58.3
2015-CA-043,2015,CA-043,Mariposa,44.5,70.5,57.5
2015-CA-045,2015,CA-045,Mendocino,46,70,58
2015-CA-047,2015,CA-047,Merced,51.1,76.8,64
2015-CA-049,2015,CA-049,Modoc,36.2,63.4,49.8
2015-CA-051,2015,CA-051,Mono,32.7,60.2,46.4
2015-CA-053,2015,CA-053,Monterey,46.6,75,60.8
2015-CA-055,2015,CA-055,Napa,48.3,74.7,61.6
2015-CA-057,2015,CA-057,Nevada,42.5,67.1,54.8
2015-CA-059,2015,CA-059,Orange,56.7,77.3,67
2015-CA-061,2015,CA-061,Placer,43.8,68.3,56
2015-CA-063,2015,CA-063,Plumas,36.6,63.4,50
2015-CA-065,2015,CA-065,Riverside,57.4,82.6,70
2015-CA-067,2015,CA-067,Sacramento,50.7,77.6,64.1
2015-CA-069,2015,CA-069,San Benito,47.8,74.3,61.1
2015-CA-071,2015,CA-071,San Bernardino,55.8,80.5,68.1
2015-CA-073,2015,CA-073,San Diego,52.2,77.7,64.9
2015-CA-075,2015,CA-075,San Francisco,51.3,67.3,59.4
2015-CA-077,2015,CA-077,San Joaquin,50.2,77.5,63.9
2015-CA-079,2015,CA-079,San Luis Obispo,47.5,75.4,61.4
2015-CA-081,2015,CA-081,San Mateo,49.5,68.8,59.2
2015-CA-083,2015,CA-083,Santa Barbara,48.6,73.8,61.2
2015-CA-085,2015,CA-085,Santa Clara,48.5,72.2,60.4
2015-CA-087,2015,CA-087,Santa Cruz,47.8,72.4,60.1
2015-CA-089,2015,CA-089,Shasta,44.9,71,58
2015-CA-091,2015,CA-091,Sierra,36.7,62.6,49.7
2015-CA-093,2015,CA-093,Siskiyou,39.9,64,51.9
2015-CA-095,2015,CA-095,Solano,50,75.6,62.8
2015-CA-097,2015,CA-097,Sonoma,47.6,71.2,59.4
2015-CA-099,2015,CA-099,Stanislaus,49.9,76.3,63.1
2015-CA-101,2015,CA-101,Sutter,51.2,78.7,65
2015-CA-103,2015,CA-103,Tehama,48.8,73.7,61.3
2015-CA-105,2015,CA-105,Trinity,42.5,68.6,55.6
2015-CA-107,2015,CA-107,Tulare,44,68.5,56.2
2015-CA-109,2015,CA-109,Tuolumne,40.3,64.5,52.5
2015-CA-111,2015,CA-111,Ventura,47.7,73.6,60.7
2015-CA-113,2015,CA-113,Yolo,50,77.8,63.9
2015-CA-115,2015,CA-115,Yuba,50.1,75.9,63
2016-CA-001,2016,CA-001,Alameda,49.9,70.8,60.4
2016-CA-003,2016,CA-003,Alpine,34.8,57,45.9
2016-CA-005,2016,CA-005,Amador,47.1,71.4,59.2
2016-CA-007,2016,CA-007,Butte,48.5,73.1,60.8
2016-CA-009,2016,CA-009,Calaveras,47,72.1,59.5
2016-CA-011,2016,CA-011,Colusa,49.7,75.3,62.5
2016-CA-013,2016,CA-013,Contra Costa,50,72.3,61.2
2016-CA-015,2016,CA-015,Del Norte,43.5,62.2,52.9
2016-CA-017,2016,CA-017,El Dorado,43.9,66.6,55.2
2016-CA-019,2016,CA-019,Fresno,44.5,70.1,57.3
2016-CA-021,2016,CA-021,Glenn,48.9,73.3,61.1
2016-CA-023,2016,CA-023,Humboldt,45.7,65.9,55.8
2016-CA-025,2016,CA-025,Imperial,61.9,89.1,75.5
2016-CA-027,2016,CA-027,Inyo,49.6,75,62.3
2016-CA-029,2016,CA-029,Kern,50.7,76.5,63.6
2016-CA-031,2016,CA-031,Kings,52.4,79.1,65.7
2016-CA-033,2016,CA-033,Lake,46.7,69.3,58
2016-CA-035,2016,CA-035,Lassen,35.5,61.6,48.5
2016-CA-037,2016,CA-037,Los Angeles,52,75.4,63.7
2016-CA-039,2016,CA-039,Madera,44.8,70.9,57.9
2016-CA-041,2016,CA-041,Marin,48.8,65.4,57.1
2016-CA-043,2016,CA-043,Mariposa,43.8,70,56.9
2016-CA-045,2016,CA-045,Mendocino,45.8,67.5,56.6
2016-CA-047,2016,CA-047,Merced,51.3,76.7,64
2016-CA-049,2016,CA-049,Modoc,35.4,61.3,48.3
2016-CA-051,2016,CA-051,Mono,32.3,60.3,46.3
2016-CA-053,2016,CA-053,Monterey,46.1,73.9,60
2016-CA-055,2016,CA-055,Napa,48.1,72.6,60.4
2016-CA-057,2016,CA-057,Nevada,41.3,65.4,53.4
2016-CA-059,2016,CA-059,Orange,56,76.2,66.1
2016-CA-061,2016,CA-061,Placer,43,66.9,55
2016-CA-063,2016,CA-063,Plumas,36.1,61.6,48.9
2016-CA-065,2016,CA-065,Riverside,57.3,82.9,70.1
2016-CA-067,2016,CA-067,Sacramento,50.4,76.6,63.5
2016-CA-069,2016,CA-069,San Benito,47.5,73.2,60.4
2016-CA-071,2016,CA-071,San Bernardino,55.8,80.4,68.1
2016-CA-073,2016,CA-073,San Diego,52,77.7,64.8
2016-CA-075,2016,CA-075,San Francisco,50.7,65.9,58.3
2016-CA-077,2016,CA-077,San Joaquin,50,76.6,63.3
2016-CA-079,2016,CA-079,San Luis Obispo,47.2,75,61.1
2016-CA-081,2016,CA-081,San Mateo,49,67.4,58.2
2016-CA-083,2016,CA-083,Santa Barbara,48,72.7,60.4
2016-CA-085,2016,CA-085,Santa Clara,48.6,71.2,59.9
2016-CA-087,2016,CA-087,Santa Cruz,47.8,70,58.9
2016-CA-089,2016,CA-089,Shasta,44.1,68.5,56.3
2016-CA-091,2016,CA-091,Sierra,36,61.1,48.6
2016-CA-093,2016,CA-093,Siskiyou,38.7,61.5,50.1
2016-CA-095,2016,CA-095,Solano,49.6,74.2,61.9
2016-CA-097,2016,CA-097,Sonoma,47.3,69,58.2
2016-CA-099,2016,CA-099,Stanislaus,50,76.3,63.2
2016-CA-101,2016,CA-101,Sutter,51.1,77.5,64.3
2016-CA-103,2016,CA-103,Tehama,48.2,71.1,59.7
2016-CA-105,2016,CA-105,Trinity,42,66,54
2016-CA-107,2016,CA-107,Tulare,43.6,68.1,55.8
2016-CA-109,2016,CA-109,Tuolumne,39.7,63.9,51.8
2016-CA-111,2016,CA-111,Ventura,46.7,72.5,59.6
2016-CA-113,2016,CA-113,Yolo,49.8,76.3,63.1
2016-CA-115,2016,CA-115,Yuba,49.5,74,61.7
2017-CA-001,2017,CA-001,Alameda,49.8,71.2,60.5
2017-CA-003,2017,CA-003,Alpine,34.3,56.5,45.4
2017-CA-005,2017,CA-005,Amador,47.6,71.5,59.5
2017-CA-007,2017,CA-007,Butte,48.9,73.4,61.1
2017-CA-009,2017,CA-009,Calaveras,47.7,72.3,60
2017-CA-011,2017,CA-011,Colusa,50,75.8,62.9
2017-CA-013,2017,CA-013,Contra Costa,50.3,72.7,61.5
2017-CA-015,2017,CA-015,Del Norte,43.4,61.5,52.4
2017-CA-017,2017,CA-017,El Dorado,44.2,66.5,55.3
2017-CA-019,2017,CA-019,Fresno,44.8,69.9,57.3
2017-CA-021,2017,CA-021,Glenn,48.6,74.1,61.4
2017-CA-023,2017,CA-023,Humboldt,44.8,64.8,54.8
2017-CA-025,2017,CA-025,Imperial,62.9,89.7,76.3
2017-CA-027,2017,CA-027,Inyo,49.9,75.3,62.6
2017-CA-029,2017,CA-029,Kern,51,76.6,63.8
2017-CA-031,2017,CA-031,Kings,52.4,78.8,65.6
2017-CA-033,2017,CA-033,Lake,46.9,70.1,58.5
2017-CA-035,2017,CA-035,Lassen,35.4,61.1,48.3
2017-CA-037,2017,CA-037,Los Angeles,52.4,75.8,64.1
2017-CA-039,2017,CA-039,Madera,45,70.6,57.8
2017-CA-041,2017,CA-041,Marin,48.7,66.3,57.5
2017-CA-043,2017,CA-043,Mariposa,44.2,69.7,57
2017-CA-045,2017,CA-045,Mendocino,45.4,67.9,56.6
2017-CA-047,2017,CA-047,Merced,51.3,76.7,64
2017-CA-049,2017,CA-049,Modoc,35.1,61.3,48.2
2017-CA-051,2017,CA-051,Mono,32,59.5,45.8
2017-CA-053,2017,CA-053,Monterey,46.6,74.3,60.4
2017-CA-055,2017,CA-055,Napa,48.3,73.4,60.8
2017-CA-057,2017,CA-057,Nevada,41.8,65.5,53.7
2017-CA-059,2017,CA-059,Orange,56.1,76.5,66.3
2017-CA-061,2017,CA-061,Placer,43.2,66.7,55
2017-CA-063,2017,CA-063,Plumas,36.2,61.2,48.7
2017-CA-065,2017,CA-065,Riverside,58.1,83.4,70.7
2017-CA-067,2017,CA-067,Sacramento,50.9,76.5,63.7
2017-CA-069,2017,CA-069,San Benito,47.8,73.5,60.7
2017-CA-071,2017,CA-071,San Bernardino,56.4,81,68.7
2017-CA-073,2017,CA-073,San Diego,52.3,78.1,65.2
2017-CA-075,2017,CA-075,San Francisco,50.6,66.5,58.5
2017-CA-077,2017,CA-077,San Joaquin,50.3,77.2,63.7
2017-CA-079,2017,CA-079,San Luis Obispo,48,75.4,61.7
2017-CA-081,2017,CA-081,San Mateo,48.9,67.8,58.4
2017-CA-083,2017,CA-083,Santa Barbara,48.5,72.8,60.7
2017-CA-085,2017,CA-085,Santa Clara,48.3,71.3,59.8
2017-CA-087,2017,CA-087,Santa Cruz,47.5,70.4,58.9
2017-CA-089,2017,CA-089,Shasta,44.1,69.1,56.6
2017-CA-091,2017,CA-091,Sierra,36.4,61,48.7
2017-CA-093,2017,CA-093,Siskiyou,38.5,61.4,50
2017-CA-095,2017,CA-095,Solano,49.8,74.5,62.1
2017-CA-097,2017,CA-097,Sonoma,47,69.9,58.5
2017-CA-099,2017,CA-099,Stanislaus,50.6,76.1,63.3
2017-CA-101,2017,CA-101,Sutter,51.6,77.5,64.6
2017-CA-103,2017,CA-103,Tehama,48.3,71.9,60.1
2017-CA-105,2017,CA-105,Trinity,41.4,65.9,53.7
2017-CA-107,2017,CA-107,Tulare,44.4,67.6,56
2017-CA-109,2017,CA-109,Tuolumne,40,63.6,51.8
2017-CA-111,2017,CA-111,Ventura,47.7,72.9,60.3
2017-CA-113,2017,CA-113,Yolo,50,76.2,63.1
2017-CA-115,2017,CA-115,Yuba,50.1,74.4,62.3
2018-CA-001,2018,CA-001,Alameda,48.9,70.7,59.8
2018-CA-003,2018,CA-003,Alpine,34.2,57.2,45.7
2018-CA-005,2018,CA-005,Amador,47.1,72.4,59.7
2018-CA-007,2018,CA-007,Butte,48,74,61
2018-CA-009,2018,CA-009,Calaveras,47,73,60
2018-CA-011,2018,CA-011,Colusa,48.9,76,62.5
2018-CA-013,2018,CA-013,Contra Costa,49.7,72.3,61
2018-CA-015,2018,CA-015,Del Norte,43.1,62.8,52.9
2018-CA-017,2018,CA-017,El Dorado,43.7,67.1,55.4
2018-CA-019,2018,CA-019,Fresno,44.6,70.1,57.4
2018-CA-021,2018,CA-021,Glenn,47.7,74.2,61
2018-CA-023,2018,CA-023,Humboldt,44.2,65.4,54.8
2018-CA-025,2018,CA-025,Imperial,62.2,88.5,75.3
2018-CA-027,2018,CA-027,Inyo,50.1,75.4,62.7
2018-CA-029,2018,CA-029,Kern,50.9,76.3,63.6
2018-CA-031,2018,CA-031,Kings,51.6,78.7,65.2
2018-CA-033,2018,CA-033,Lake,46.5,70.5,58.5
2018-CA-035,2018,CA-035,Lassen,34.3,61.8,48
2018-CA-037,2018,CA-037,Los Angeles,52,75,63.5
2018-CA-039,2018,CA-039,Madera,44.6,70.8,57.7
2018-CA-041,2018,CA-041,Marin,47.8,65.6,56.7
2018-CA-043,2018,CA-043,Mariposa,43.8,70.1,56.9
2018-CA-045,2018,CA-045,Mendocino,44.4,68.1,56.2
2018-CA-047,2018,CA-047,Merced,50.8,75.9,63.4
2018-CA-049,2018,CA-049,Modoc,34.3,61.7,48
2018-CA-051,2018,CA-051,Mono,31.9,60.3,46.1
2018-CA-053,2018,CA-053,Monterey,45.6,74.1,59.9
2018-CA-055,2018,CA-055,Napa,47.3,73.6,60.4
2018-CA-057,2018,CA-057,Nevada,41.4,66.2,53.8
2018-CA-059,2018,CA-059,Orange,56,75.6,65.8
2018-CA-061,2018,CA-061,Placer,42.7,67.4,55
2018-CA-063,2018,CA-063,Plumas,35.2,62,48.6
2018-CA-065,2018,CA-065,Riverside,57.7,82.7,70.2
2018-CA-067,2018,CA-067,Sacramento,49.3,76.4,62.9
2018-CA-069,2018,CA-069,San Benito,47.3,73.3,60.3
2018-CA-071,2018,CA-071,San Bernardino,56.3,80.5,68.4
2018-CA-073,2018,CA-073,San Diego,51.9,77.6,64.8
2018-CA-075,2018,CA-075,San Francisco,49.9,65.4,57.6
2018-CA-077,2018,CA-077,San Joaquin,49.5,77.1,63.3
2018-CA-079,2018,CA-079,San Luis Obispo,47,75.2,61.1
2018-CA-081,2018,CA-081,San Mateo,48,67.2,57.6
2018-CA-083,2018,CA-083,Santa Barbara,47.8,72.7,60.2
2018-CA-085,2018,CA-085,Santa Clara,47.9,71.1,59.5
2018-CA-087,2018,CA-087,Santa Cruz,46.4,70.4,58.4
2018-CA-089,2018,CA-089,Shasta,43.4,69.8,56.6
2018-CA-091,2018,CA-091,Sierra,35.6,61.8,48.7
2018-CA-093,2018,CA-093,Siskiyou,38.1,62.5,50.3
2018-CA-095,2018,CA-095,Solano,48.8,74.5,61.6
2018-CA-097,2018,CA-097,Sonoma,46.3,69.8,58.1
2018-CA-099,2018,CA-099,Stanislaus,50.1,75.8,62.9
2018-CA-101,2018,CA-101,Sutter,49.5,77.8,63.6
2018-CA-103,2018,CA-103,Tehama,47.6,72.4,60
2018-CA-105,2018,CA-105,Trinity,40.7,66.9,53.8
2018-CA-107,2018,CA-107,Tulare,43.9,68,55.9
2018-CA-109,2018,CA-109,Tuolumne,39.4,64.3,51.9
2018-CA-111,2018,CA-111,Ventura,47,72.1,59.5
2018-CA-113,2018,CA-113,Yolo,48.3,76.5,62.4
2018-CA-115,2018,CA-115,Yuba,49.1,74.9,62
2019-CA-001,2019,CA-001,Alameda,49.3,70,59.7
2019-CA-003,2019,CA-003,Alpine,32.5,54.4,43.5
2019-CA-005,2019,CA-005,Amador,45.9,69.6,57.8
2019-CA-007,2019,CA-007,Butte,48.3,72.1,60.2
2019-CA-009,2019,CA-009,Calaveras,46.1,70.4,58.2
2019-CA-011,2019,CA-011,Colusa,49.3,73.8,61.6
2019-CA-013,2019,CA-013,Contra Costa,49.8,71.4,60.6
2019-CA-015,2019,CA-015,Del Norte,42.7,61.5,52.1
2019-CA-017,2019,CA-017,El Dorado,42.6,64.5,53.6
2019-CA-019,2019,CA-019,Fresno,43.6,68.1,55.8
2019-CA-021,2019,CA-021,Glenn,48.6,72.3,60.4
2019-CA-023,2019,CA-023,Humboldt,44.3,64.6,54.5
2019-CA-025,2019,CA-025,Imperial,60,85.8,72.9
2019-CA-027,2019,CA-027,Inyo,47.9,72.1,60
2019-CA-029,2019,CA-029,Kern,49.3,74,61.7
2019-CA-031,2019,CA-031,Kings,51.1,77.5,64.3
2019-CA-033,2019,CA-033,Lake,46.3,68.4,57.4
2019-CA-035,2019,CA-035,Lassen,33.8,59.4,46.6
2019-CA-037,2019,CA-037,Los Angeles,50,72.1,61
2019-CA-039,2019,CA-039,Madera,43.8,68.7,56.2
2019-CA-041,2019,CA-041,Marin,48.7,65.1,56.9
2019-CA-043,2019,CA-043,Mariposa,42.4,67.6,55
2019-CA-045,2019,CA-045,Mendocino,45.2,67,56.1
2019-CA-047,2019,CA-047,Merced,51,74.8,62.9
2019-CA-049,2019,CA-049,Modoc,33.8,59.6,46.7
2019-CA-051,2019,CA-051,Mono,30,57.2,43.6
2019-CA-053,2019,CA-053,Monterey,45.8,72.4,59.1
2019-CA-055,2019,CA-055,Napa,47.8,72.1,60
2019-CA-057,2019,CA-057,Nevada,40.3,63.5,51.9
2019-CA-059,2019,CA-059,Orange,54.1,73.6,63.9
2019-CA-061,2019,CA-061,Placer,41.9,65,53.4
2019-CA-063,2019,CA-063,Plumas,34.8,59.4,47.1
2019-CA-065,2019,CA-065,Riverside,55.6,79.7,67.6
2019-CA-067,2019,CA-067,Sacramento,50.2,75.5,62.9
2019-CA-069,2019,CA-069,San Benito,46.7,71.4,59.1
2019-CA-071,2019,CA-071,San Bernardino,53.7,77.3,65.5
2019-CA-073,2019,CA-073,San Diego,50.1,74.8,62.4
2019-CA-075,2019,CA-075,San Francisco,50.4,65.6,58
2019-CA-077,2019,CA-077,San Joaquin,50.1,76,63.1
2019-CA-079,2019,CA-079,San Luis Obispo,46.4,73,59.7
2019-CA-081,2019,CA-081,San Mateo,48.9,67.2,58
2019-CA-083,2019,CA-083,Santa Barbara,46.9,70.2,58.6
2019-CA-085,2019,CA-085,Santa Clara,47.7,70,58.8
2019-CA-087,2019,CA-087,Santa Cruz,47.4,69.7,58.6
2019-CA-089,2019,CA-089,Shasta,43,67.5,55.3
2019-CA-091,2019,CA-091,Sierra,34.9,58.7,46.8
2019-CA-093,2019,CA-093,Siskiyou,37.5,60.4,49
2019-CA-095,2019,CA-095,Solano,49.7,73.6,61.7
2019-CA-097,2019,CA-097,Sonoma,47.1,68.7,57.9
2019-CA-099,2019,CA-099,Stanislaus,50,74.7,62.3
2019-CA-101,2019,CA-101,Sutter,50.6,76.1,63.4
2019-CA-103,2019,CA-103,Tehama,47.4,70.3,58.8
2019-CA-105,2019,CA-105,Trinity,40.6,65.1,52.9
2019-CA-107,2019,CA-107,Tulare,42.6,65.5,54
2019-CA-109,2019,CA-109,Tuolumne,38,61.6,49.9
2019-CA-111,2019,CA-111,Ventura,46.3,69,57.7
2019-CA-113,2019,CA-113,Yolo,49.6,75.2,62.4
2019-CA-115,2019,CA-115,Yuba,48.8,72.9,60.9
2020-CA-001,2020,CA-001,Alameda,50.7,72.6,61.7
2020-CA-003,2020,CA-003,Alpine,34.3,58.2,46.3
2020-CA-005,2020,CA-005,Amador,48,72.8,60.5
2020-CA-007,2020,CA-007,Butte,49,75.4,62.2
2020-CA-009,2020,CA-009,Calaveras,47.8,73.7,60.8
2020-CA-011,2020,CA-011,Colusa,50.6,77.6,64.1
2020-CA-013,2020,CA-013,Contra Costa,51.2,74.2,62.7
2020-CA-015,2020,CA-015,Del Norte,43.2,63.4,53.3
2020-CA-017,2020,CA-017,El Dorado,44.5,68.2,56.4
2020-CA-019,2020,CA-019,Fresno,44.4,70.5,57.5
2020-CA-021,2020,CA-021,Glenn,49.3,75.8,62.6
2020-CA-023,2020,CA-023,Humboldt,44.8,66.9,55.8
2020-CA-025,2020,CA-025,Imperial,61.2,89.7,75.5
2020-CA-027,2020,CA-027,Inyo,49.6,75.7,62.7
2020-CA-029,2020,CA-029,Kern,50.2,76.6,63.4
2020-CA-031,2020,CA-031,Kings,51.3,79,65.2
2020-CA-033,2020,CA-033,Lake,47.3,72.1,59.7
2020-CA-035,2020,CA-035,Lassen,34.8,63.3,49.1
2020-CA-037,2020,CA-037,Los Angeles,51.2,75.1,63.2
2020-CA-039,2020,CA-039,Madera,44.8,71.4,58.1
2020-CA-041,2020,CA-041,Marin,48.6,67.6,58.1
2020-CA-043,2020,CA-043,Mariposa,44.3,70.9,57.6
2020-CA-045,2020,CA-045,Mendocino,45.3,70,57.7
2020-CA-047,2020,CA-047,Merced,50.4,76.4,63.4
2020-CA-049,2020,CA-049,Modoc,34.9,62.9,48.9
2020-CA-051,2020,CA-051,Mono,31.9,61.4,46.6
2020-CA-053,2020,CA-053,Monterey,45.7,75,60.4
2020-CA-055,2020,CA-055,Napa,48.2,75.1,61.7
2020-CA-057,2020,CA-057,Nevada,41.8,67.4,54.6
2020-CA-059,2020,CA-059,Orange,55.5,76.5,66
2020-CA-061,2020,CA-061,Placer,43.5,68.5,56
2020-CA-063,2020,CA-063,Plumas,35.3,63.2,49.3
2020-CA-065,2020,CA-065,Riverside,56.8,83.3,70.1
2020-CA-067,2020,CA-067,Sacramento,50.4,78.3,64.4
2020-CA-069,2020,CA-069,San Benito,46.9,74,60.4
2020-CA-071,2020,CA-071,San Bernardino,55.4,81,68.2
2020-CA-073,2020,CA-073,San Diego,51.2,78.1,64.7
2020-CA-075,2020,CA-075,San Francisco,50.6,67.8,59.2
2020-CA-077,2020,CA-077,San Joaquin,50.6,78.5,64.5
2020-CA-079,2020,CA-079,San Luis Obispo,46.6,75.6,61.1
2020-CA-081,2020,CA-081,San Mateo,48.5,69.6,59.1
2020-CA-083,2020,CA-083,Santa Barbara,47.4,73,60.2
2020-CA-085,2020,CA-085,Santa Clara,48.4,72.5,60.4
2020-CA-087,2020,CA-087,Santa Cruz,47.1,71.6,59.4
2020-CA-089,2020,CA-089,Shasta,44,70.7,57.4
2020-CA-091,2020,CA-091,Sierra,35.9,62.7,49.3
2020-CA-093,2020,CA-093,Siskiyou,38.4,63.1,50.8
2020-CA-095,2020,CA-095,Solano,49.9,76.4,63.1
2020-CA-097,2020,CA-097,Sonoma,47.2,71.6,59.4
2020-CA-099,2020,CA-099,Stanislaus,50.2,76.6,63.4
2020-CA-101,2020,CA-101,Sutter,51.1,79.1,65.1
2020-CA-103,2020,CA-103,Tehama,48.5,73.7,61.1
2020-CA-105,2020,CA-105,Trinity,41.4,67.9,54.6
2020-CA-107,2020,CA-107,Tulare,43.9,68.2,56
2020-CA-109,2020,CA-109,Tuolumne,40,65.3,52.6
2020-CA-111,2020,CA-111,Ventura,46.3,71.9,59.1
2020-CA-113,2020,CA-113,Yolo,49.9,78.2,64
2020-CA-115,2020,CA-115,Yuba,49.8,76.2,63
